X,Y,Experiencey(in moths),salaryx(in thousands)
16521.82491,1.52419111,18.29029332,16.52182491
11666.23372,1.418617224,17.02340669,11.66623372
23167.25455,2.195301123,26.34361348,23.16725455
20877.14542,1.592152823,19.10583387,20.87714542
23166.23569,2.311876373,27.74251647,23.16623569
32966.25076,2.639264276,31.67117131,32.96625076
15294.16954,1.182199886,14.18639863,15.29416954
33159.46113,2.49440375,29.932845,33.15946113
32032.6529,2.736777279,32.84132735,32.0326529
32347.78358,2.239489093,26.87386911,32.34778358
38246.87556,3.459483993,41.51380791,38.24687556
22773.60262,2.68343147,32.20117764,22.77360262
39554.84071,2.894852153,34.73822584,39.55484071
26922.87021,2.292910946,27.51493135,26.92287021
28116.47711,2.146771514,25.76125817,28.11647711
32533.00295,3.077109841,36.92531809,32.53300295
26043.33166,1.978916875,23.7470025,26.04333166
24086.04097,2.007790652,24.09348782,24.08604097
20919.91068,1.344483513,16.13380215,20.91991068
21041.63596,1.937713583,23.252563,21.04163596
25718.71117,2.135881837,25.63058204,25.71871117
25591.44379,2.299932152,27.59918582,25.59144379
28906.51651,1.910092023,22.92110427,28.90651651
18304.4055,1.670973415,20.05168098,18.3044055
22236.21025,2.081920604,24.98304725,22.23621025
35845.81749,2.826554399,33.91865279,35.84581749
33880.03752,3.704571153,44.45485384,33.88003752
15425.00761,1.632194218,19.58633061,15.42500761
17939.58494,1.542596444,18.51115733,17.93958494
34296.49187,2.628471168,31.54165401,34.29649187
33228.16701,2.643202905,31.71843486,33.22816701
29339.40107,1.527175516,18.32610619,29.33940107
16877.96087,1.779001947,21.34802336,16.87796087
25287.93949,2.242505827,26.91006992,25.28793949
33343.63003,2.911644989,34.93973987,33.34363003
29719.01605,2.277546496,27.33055795,29.71901605
31503.46438,1.780345156,21.36414187,31.50346438
31891.58173,2.481835405,29.78202486,31.89158173
11766.71344,1.312328718,15.74794461,11.76671344
18726.05029,1.199735549,14.39682659,18.72605029
25146.71577,2.375079147,28.50094976,25.14671577
30956.64408,1.823341438,21.88009726,30.95664408
18597.92877,0.882609571,10.59131485,18.59792877
17090.70229,1.426879693,17.12255632,17.09070229
43247.08198,3.040679215,36.48815058,43.24708198
21849.10721,1.62761945,19.5314334,21.84910721
22441.63536,2.833573498,34.00288198,22.44163536
52859.14566,3.605953906,43.27144687,52.85914566
22131.67953,1.706373327,20.47647992,22.13167953
18686.99002,0.411340316,4.936083792,18.68699002
31487.49514,1.76449789,21.17397468,31.48749514
35667.2927,2.866118177,34.39341812,35.6672927
29238.48608,2.255183671,27.06220405,29.23848608
41540.8647,2.810282946,33.72339535,41.5408647
32672.93143,2.385895078,28.63074094,32.67293143
30081.46509,2.109356172,25.31227406,30.08146509
28443.71365,2.278132828,27.33759393,28.44371365
25838.07529,1.551208333,18.6145,25.83807529
39447.02366,2.656379843,31.87655812,39.44702366
32152.41704,2.884080469,34.60896563,32.15241704
12949.52236,1.421673915,17.06008698,12.94952236
14741.57643,2.145326301,25.74391561,14.74157643
26549.23556,2.846026881,34.15232257,26.54923556
24060.77464,1.746012328,20.95214793,24.06077464
10642.28012,1.001237527,12.01485032,10.64228012
15938.90415,1.034021398,12.40825677,15.93890415
33860.65242,2.444878655,29.33854386,33.86065242
28922.9164,2.600478137,31.20573764,28.9229164
20344.95438,1.997060452,23.96472542,20.34495438
8483.358559,0.608730222,7.304762668,8.483358559
24868.20448,3.067639426,36.81167311,24.86820448
16709.01159,1.663507926,19.96209511,16.70901159
44891.63582,3.846232632,46.15479158,44.89163582
11372.36537,1.15932515,13.9119018,11.37236537
20767.29237,2.351617205,28.21940646,20.76729237
20926.95442,1.391164818,16.69397781,20.92695442
19328.75796,2.08787506,25.05450072,19.32875796
22613.37303,1.715648168,20.58777801,22.61337303
20115.48744,2.031055313,24.37266375,20.11548744
33934.40549,2.919801077,35.03761292,33.93440549
39625.52727,3.185740964,38.22889157,39.62552727
31031.46072,2.608904252,31.30685102,31.03146072
25738.9722,2.387137652,28.64565182,25.7389722
32123.35097,2.328594839,27.94313807,32.12335097
34185.61683,2.587680618,31.05216742,34.18561683
24242.39382,1.590132296,19.08158755,24.24239382
55297.01647,3.890890368,46.69068442,55.29701647
28346.0702,2.628489252,31.54187102,28.3460702
18856.5179,2.243812853,26.92575423,18.8565179
21941.64077,1.816184205,21.79421046,21.94164077
34457.31217,3.140248508,37.68298209,34.45731217
9206.941606,0.929886323,11.15863588,9.206941606
37110.21102,3.678591442,44.1430973,37.11021102
41623.25748,3.014447844,36.17337413,41.62325748
47216.57055,3.885260414,46.62312497,47.21657055
27033.71337,1.677819347,20.13383216,27.03371337
28806.81668,1.855555692,22.2666683,28.80681668
28349.33112,2.23726891,26.84722692,28.34933112
31538.61969,2.752303385,33.02764062,31.53861969
33609.34167,1.849164493,22.18997391,33.60934167
19139.92433,1.983723755,23.80468506,19.13992433
13956.59036,0.943652512,11.32383014,13.95659036
12158.17632,1.175632644,14.10759173,12.15817632
17481.40272,1.480575819,17.76690983,17.48140272
39518.76962,2.492221525,29.9066583,39.51876962
24061.59267,2.834168415,34.01002098,24.06159267
14400.36501,1.882966467,22.5955976,14.40036501
31353.8678,2.397626768,28.77152121,31.3538678
2856.367326,0.262795504,3.153546051,2.856367326
30210.15014,2.224820082,26.69784098,30.21015014
40052.99355,2.761425921,33.13711105,40.05299355
27740.52643,2.533435518,30.40122621,27.74052643
17947.86364,1.925418132,23.10501758,17.94786364
23972.98257,1.204641728,14.45570073,23.97298257
19014.597,1.201185033,14.4142204,19.014597
27164.56045,2.847855492,34.1742659,27.16456045
35972.56762,2.545686363,30.54823636,35.97256762
26894.9827,1.963334378,23.56001254,26.8949827
42523.80661,2.565217263,30.78260716,42.52380661
12030.85972,0.795253204,9.543038445,12.03085972
23638.5392,2.050732609,24.60879131,23.6385392
36214.55744,2.584380256,31.01256307,36.21455744
29450.01095,2.157668883,25.89202659,29.45001095
17853.94258,1.830242164,21.96290597,17.85394258
31448.68582,1.898828784,22.78594541,31.44868582
31490.07715,2.223030378,26.67636453,31.49007715
22411.04902,1.962290263,23.54748316,22.41104902
47227.93229,3.982303618,47.78764341,47.22793229
24284.89776,2.165629276,25.98755131,24.28489776
21448.2888,2.187898143,26.25477771,21.4482888
28455.40733,2.402160137,28.82592164,28.45540733
23810.72977,1.659718322,19.91661986,23.81072977
23757.66722,2.426688907,29.12026688,23.75766722
-1276.342271,0.710054243,8.520650917,-1.276342271
20190.90958,1.756284999,21.07541999,20.19090958
7903.429572,0.934380798,11.21256958,7.903429572
27837.35076,2.006660984,24.07993181,27.83735076
17596.69684,0.297311563,3.567738759,17.59669684
26128.31897,3.110889988,37.33067985,26.12831897
22561.76735,1.28709826,15.44517912,22.56176735
29378.48452,1.466607073,17.59928488,29.37848452
38540.10299,2.618471778,31.42166134,38.54010299
26549.1017,2.172846692,26.0741603,26.5491017
25723.93005,3.060031685,36.72038022,25.72393005
26792.04699,2.268296063,27.21955275,26.79204699
24803.16178,1.956671224,23.48005469,24.80316178
22227.98386,1.627119841,19.52543809,22.22798386
23597.52699,2.032395294,24.38874353,23.59752699
21561.72248,1.966208181,23.59449817,21.56172248
32867.20958,2.967776623,35.61331948,32.86720958
35979.97953,2.601241659,31.21489991,35.97997953
20602.94554,1.6616038,19.9392456,20.60294554
33331.69868,3.116412315,37.39694778,33.33169868
15872.76615,1.335113609,16.02136331,15.87276615
21239.69615,1.572907863,18.87489435,21.23969615
18933.01518,1.774057448,21.28868937,18.93301518
44641.06535,3.305161019,39.66193223,44.64106535
31313.39807,2.769054376,33.22865251,31.31339807
9944.49963,0.883731765,10.60478118,9.94449963
28924.00938,2.801177233,33.6141268,28.92400938
26569.89702,2.31843163,27.82117956,26.56989702
22370.12725,2.183100842,26.1972101,22.37012725
27255.60194,1.424371735,17.09246082,27.25560194
36105.13811,2.716968511,32.60362213,36.10513811
22465.11691,2.082032132,24.98438558,22.46511691
33917.43011,2.849343566,34.19212279,33.91743011
4609.665829,0.451732874,5.420794484,4.609665829
32297.98267,2.331658356,27.97990027,32.29798267
18488.94178,2.366843465,28.40212158,18.48894178
30814.71717,2.755370894,33.06445073,30.81471717
19225.99907,1.583678053,19.00413663,19.22599907
26100.3098,2.427475528,29.12970634,26.1003098
24515.07058,2.132511915,25.59014298,24.51507058
26781.74099,2.104470859,25.25365031,26.78174099
30102.67544,2.631289212,31.57547054,30.10267544
28826.1755,2.662179406,31.94615287,28.8261755
24364.53566,1.956039559,23.47247471,24.36453566
29309.1853,1.921566981,23.05880377,29.3091853
19846.12753,1.222888438,14.67466125,19.84612753
22620.00305,2.043343574,24.52012289,22.62000305
36434.29672,3.058480908,36.70177089,36.43429672
19298.99581,1.326244653,15.91493583,19.29899581
14886.37798,1.107487148,13.28984577,14.88637798
14010.70389,1.011548532,12.13858238,14.01070389
19604.35303,1.236747042,14.8409645,19.60435303
27599.79661,1.838325104,22.05990125,27.59979661
43464.62965,3.691627509,44.29953011,43.46462965
21157.40189,0.87046901,10.44562812,21.15740189
25603.04515,1.570474404,18.84569285,25.60304515
32842.31698,2.558444422,30.70133306,32.84231698
21389.65427,1.533519736,18.40223683,21.38965427
41996.46505,3.77794184,45.33530208,41.99646505
19337.4654,1.441639168,17.29967002,19.3374654
25334.45199,1.688342083,20.26010499,25.33445199
34114.10097,3.149636978,37.79564374,34.11410097
8949.541314,1.077247176,12.92696611,8.949541314
44907.44187,4.087090848,49.04509018,44.90744187
13425.86414,1.897340488,22.76808585,13.42586414
29977.26715,2.792889483,33.51467379,29.97726715
27231.90501,2.104423215,25.25307858,27.23190501
31274.68523,2.131149303,25.57379163,31.27468523
27309.00162,1.878502726,22.54203271,27.30900162
32736.99831,1.952807253,23.43368704,32.73699831
36270.24142,2.271769799,27.26123759,36.27024142
35897.07628,3.547307569,42.56769083,35.89707628
28512.10408,2.559163223,30.70995867,28.51210408
25348.98174,2.538538245,30.46245894,25.34898174
22666.19692,2.238817158,26.86580589,22.66619692
19235.59674,1.138256725,13.6590807,19.23559674
18077.89158,1.307781368,15.69337642,18.07789158
36151.11164,3.114174454,37.37009345,36.15111164
38875.54687,3.214863251,38.57835901,38.87554687
33185.40768,2.779098144,33.34917773,33.18540768
36155.9623,2.801127109,33.61352531,36.1559623
23448.1051,1.56895699,18.82748388,23.4481051
40378.45605,3.090683905,37.08820686,40.37845605
28946.38197,3.558500819,42.70200983,28.94638197
26599.37383,2.349630097,28.19556116,26.59937383
23290.34488,2.509863217,30.1183586,23.29034488
30757.65534,3.200785251,38.40942301,30.75765534
12224.1505,2.320737065,27.84884478,12.2241505
16009.27592,1.698261208,20.37913449,16.00927592
24134.76114,1.930419573,23.16503488,24.13476114
19670.49438,2.098630307,25.18356368,19.67049438
18060.13226,2.007422482,24.08906978,18.06013226
25285.45792,1.424741074,17.09689289,25.28545792
16491.86796,1.248287344,14.97944813,16.49186796
36304.8673,2.84312883,34.11754596,36.3048673
45217.11461,3.263092861,39.15711433,45.21711461
32976.20827,3.165431066,37.98517279,32.97620827
38594.14111,2.63903735,31.6684482,38.59414111
15751.88292,0.522288707,6.267464489,15.75188292
19490.83868,1.689971234,20.27965481,19.49083868
28955.04466,2.49878889,29.98546668,28.95504466
49539.96574,4.072576395,48.87091674,49.53996574
27208.71862,2.515398109,30.18477731,27.20871862
28096.15538,2.742819165,32.91382998,28.09615538
27056.9675,1.38855901,16.66270812,27.0569675
36785.57329,2.733988181,32.80785817,36.78557329
24214.24076,1.427310428,17.12772513,24.21424076
14833.84687,1.008992073,12.10790487,14.83384687
34768.83491,2.734696123,32.81635348,34.76883491
7604.53332,1.087459008,13.04950809,7.60453332
15926.72478,1.245212381,14.94254857,15.92672478
36133.63224,2.067370416,24.80844499,36.13363224
32601.82703,3.009010418,36.10812502,32.60182703
17083.30662,1.454109703,17.44931643,17.08330662
28971.555,2.386718034,28.64061641,28.971555
31159.57049,3.032629452,36.39155342,31.15957049
15936.25142,1.218797473,14.62556967,15.93625142
18251.34118,1.906548813,22.87858576,18.25134118
29935.84804,2.092703503,25.11244204,29.93584804
17972.27987,1.456809467,17.4817136,17.97227987
17097.05291,1.809104901,21.70925881,17.09705291
33365.07435,2.889396458,34.67275749,33.36507435
15804.65325,1.038281342,12.4593761,15.80465325
24574.51244,1.867263193,22.40715832,24.57451244
29889.19907,2.597806012,31.17367214,29.88919907
15833.86989,2.24161807,26.89941684,15.83386989
23003.33198,2.776017475,33.3122097,23.00333198
28610.7173,2.225082683,26.7009922,28.6107173
37792.90154,3.023272908,36.2792749,37.79290154
23388.97944,1.585540952,19.02649142,23.38897944
16467.33406,2.295130179,27.54156215,16.46733406
23450.44385,1.435145953,17.22175144,23.45044385
29782.89702,1.365815976,16.38979171,29.78289702
24299.4739,2.544865225,30.5383827,24.2994739
26539.26104,2.163171421,25.95805705,26.53926104
41750.52922,2.534366856,30.41240227,41.75052922
29937.33404,2.040499279,24.48599135,29.93733404
22997.15313,1.582844145,18.99412974,22.99715313
18641.41066,1.904535202,22.85442242,18.64141066
15306.63794,1.649458528,19.79350234,15.30663794
34390.14363,2.482813561,29.79376273,34.39014363
24468.94066,2.323334942,27.8800193,24.46894066
16164.10236,1.04437189,12.53246268,16.16410236
26444.33514,2.009859951,24.11831941,26.44433514
24905.35181,2.029599523,24.35519427,24.90535181
40753.59994,2.946272465,35.35526958,40.75359994
15481.25325,1.398457952,16.78149542,15.48125325
17158.29746,2.021239885,24.25487862,17.15829746
22056.05524,1.389652565,16.67583078,22.05605524
28070.69319,2.276505133,27.31806159,28.07069319
19247.23406,2.65556492,31.86677904,19.24723406
41464.66706,3.406140904,40.87369085,41.46466706
9250.498945,0.601578724,7.218944687,9.250498945
32235.20161,1.727964331,20.73557197,32.23520161
47091.75855,3.448907615,41.38689138,47.09175855
17142.84097,1.990502158,23.88602589,17.14284097
34181.98472,2.294330011,27.53196013,34.18198472
18171.55382,1.560607945,18.72729534,18.17155382
40009.31159,2.728531506,32.74237807,40.00931159
40636.47748,3.583972601,43.00767121,40.63647748
43083.55211,3.061576368,36.73891641,43.08355211
32850.66496,2.949973895,35.39968674,32.85066496
35037.96502,3.17082798,38.04993576,35.03796502
22018.06666,1.709600623,20.51520748,22.01806666
18926.17164,1.663829019,19.96594823,18.92617164
32613.98476,3.046808101,36.56169721,32.61398476
19352.51598,1.171466838,14.05760206,19.35251598
31759.56972,2.344488595,28.13386314,31.75956972
14631.67922,1.263025691,15.15630829,14.63167922
35590.87415,2.519572217,30.2348666,35.59087415
32466.22292,2.901889728,34.82267674,32.46622292
31105.44541,2.095496749,25.14596099,31.10544541
11741.50283,1.399104865,16.78925838,11.74150283
47007.55905,3.601783584,43.22140301,47.00755905
43575.46555,2.938078836,35.25694603,43.57546555
37999.26709,3.048834305,36.58601166,37.99926709
12707.02922,1.257943113,15.09531736,12.70702922
33872.92023,3.206263883,38.47516659,33.87292023
12012.88324,1.668632209,20.02358651,12.01288324
29330.3507,2.611361088,31.33633306,29.3303507
8975.739771,0.791881358,9.502576297,8.975739771
23902.08526,2.108020279,25.29624335,23.90208526
29647.3974,2.261860518,27.14232622,29.6473974
39346.35294,2.840801075,34.0896129,39.34635294
21058.74926,2.089302681,25.07163217,21.05874926
37612.09352,2.637122923,31.64547507,37.61209352
9071.326088,0.753446733,9.041360796,9.071326088
24648.75015,2.545018626,30.54022351,24.64875015
29921.56793,2.643249617,31.7189954,29.92156793
23276.65156,2.464111161,29.56933393,23.27665156
17070.32297,1.854953809,22.25944571,17.07032297
25130.92786,2.700166472,32.40199766,25.13092786
32998.92307,3.054050832,36.64860998,32.99892307
30057.62005,1.881159185,22.57391022,30.05762005
24324.33413,2.481907546,29.78289055,24.32433413
20490.87955,2.275061352,27.30073622,20.49087955
27805.3832,2.010828985,24.12994782,27.8053832
39221.61111,2.796156936,33.55388323,39.22161111
22983.5834,1.793638458,21.5236615,22.9835834
18881.95711,0.898465768,10.78158921,18.88195711
24520.33698,1.154513368,13.85416042,24.52033698
18694.04679,1.797325608,21.56790729,18.69404679
12599.58773,1.441696832,17.30036198,12.59958773
40680.96948,3.14300415,37.7160498,40.68096948
21231.13605,1.797825136,21.57390163,21.23113605
27587.46631,2.596771326,31.16125591,27.58746631
29800.41665,2.09847282,25.18167384,29.80041665
17227.86917,2.112375046,25.34850055,17.22786917
19788.11186,1.566399791,18.79679749,19.78811186
26738.06606,1.973142708,23.67771249,26.73806606
8987.509025,1.319531893,15.83438272,8.987509025
10182.29164,1.473413064,17.68095677,10.18229164
23818.58553,2.115790814,25.38948977,23.81858553
18411.11907,1.188331594,14.25997913,18.41111907
37788.71524,3.278121178,39.33745414,37.78871524
33576.25683,2.506534961,30.07841953,33.57625683
33081.60116,2.154985102,25.85982122,33.08160116
21242.9677,1.801397472,21.61676966,21.2429677
23519.81464,1.856144194,22.27373033,23.51981464
27610.08628,1.757167922,21.08601506,27.61008628
21672.24184,0.860188608,10.32226329,21.67224184
21643.85524,1.960120646,23.52144775,21.64385524
32501.79709,2.48774806,29.85297672,32.50179709
31653.36144,2.36835581,28.42026972,31.65336144
24358.74645,1.832012942,21.9841553,24.35874645
31178.06286,2.515599487,30.18719384,31.17806286
17598.9616,1.299988388,15.59986066,17.5989616
30123.78451,2.530197018,30.36236422,30.12378451
17836.19808,2.746767002,32.96120402,17.83619808
27616.21185,2.408092453,28.89710943,27.61621185
37119.8358,3.267046401,39.20455681,37.1198358
27619.55215,2.425057298,29.10068758,27.61955215
32691.00986,2.972289388,35.66747265,32.69100986
28264.23895,2.044551516,24.53461819,28.26423895
34253.33404,3.139438903,37.67326683,34.25333404
13748.84869,1.658558512,19.90270214,13.74884869
40590.767,2.513345078,30.16014094,40.590767
36482.21993,2.647969142,31.7756297,36.48221993
28110.76599,2.236064844,26.83277813,28.11076599
31078.0017,3.00185151,36.02221812,31.0780017
32223.06642,3.318787247,39.82544696,32.22306642
29633.38334,2.460555161,29.52666193,29.63338334
32890.0233,2.201190861,26.41429033,32.8900233
33161.83603,3.401197592,40.8143711,33.16183603
15428.18995,1.51565233,18.18782796,15.42818995
24465.96152,1.806237469,21.67484963,24.46596152
23039.18557,2.151875443,25.82250531,23.03918557
27915.06418,2.578703889,30.94444667,27.91506418
28302.03192,2.337151697,28.04582036,28.30203192
25109.00501,1.526441965,18.31730358,25.10900501
31259.88679,2.210735686,26.52882823,31.25988679
32672.03505,2.066516718,24.79820062,32.67203505
30917.33134,2.013064929,24.15677915,30.91733134
14262.18598,1.673861962,20.08634354,14.26218598
23415.84234,1.600240587,19.20288704,23.41584234
40982.80417,3.232615087,38.79138104,40.98280417
35220.51108,3.243799344,38.92559213,35.22051108
14442.07778,1.02776433,12.33317196,14.44207778
31718.70044,2.712973803,32.55568563,31.71870044
38743.16343,2.884535363,34.61442436,38.74316343
29998.48694,1.804714989,21.65657987,29.99848694
28197.35326,2.272165344,27.26598413,28.19735326
29756.9674,3.105130523,37.26156628,29.7569674
5353.075901,1.055627636,12.66753163,5.353075901
28229.16064,2.004267793,24.05121351,28.22916064
26826.23368,1.564779979,18.77735975,26.82623368
23096.87192,1.922660402,23.07192482,23.09687192
23401.71788,2.178588096,26.14305715,23.40171788
25473.51857,1.910024098,22.92028918,25.47351857
15064.77021,1.238244503,14.85893404,15.06477021
25758.58423,2.090371373,25.08445647,25.75858423
41586.51191,3.199368048,38.39241658,41.58651191
16134.4372,1.862784806,22.35341767,16.1344372
24128.84852,1.609487113,19.31384536,24.12884852
25646.29113,1.592965958,19.11559149,25.64629113
16939.33319,1.832324392,21.9878927,16.93933319
26753.08523,2.230572592,26.7668711,26.75308523
18592.40448,2.139074678,25.66889614,18.59240448
22018.96958,1.325752758,15.90903309,22.01896958
25896.85226,2.111216039,25.33459247,25.89685226
42973.65266,2.922638369,35.07166043,42.97365266
30975.46593,1.839766302,22.07719562,30.97546593
27285.41527,2.85255049,34.23060588,27.28541527
13413.82186,1.526892909,18.32271491,13.41382186
13395.40289,1.37474393,16.49692716,13.39540289
38018.57642,2.579724901,30.95669881,38.01857642
30273.57281,2.535627705,30.42753246,30.27357281
40612.27813,3.462825938,41.55391125,40.61227813
32627.96273,2.850485823,34.20582988,32.62796273
22280.81206,2.476723567,29.7206828,22.28081206
5375.099257,0.77940393,9.352847162,5.375099257
27541.03761,1.686643913,20.23972695,27.54103761
29903.01567,2.615271135,31.38325362,29.90301567
24768.02649,1.657050683,19.8846082,24.76802649
37025.78145,2.200670708,26.40804849,37.02578145
32999.61471,2.800523461,33.60628153,32.99961471
14452.5079,1.374598495,16.49518194,14.4525079
47629.76879,3.478539357,41.74247228,47.62976879
26878.13706,2.406255513,28.87506615,26.87813706
34293.15874,2.457866331,29.49439597,34.29315874
36316.40516,2.462751998,29.55302398,36.31640516
27991.44009,2.333835545,28.00602654,27.99144009
27323.08772,2.322759431,27.87311317,27.32308772
17141.90377,1.707315973,20.48779167,17.14190377
9705.79957,0.800560688,9.60672826,9.70579957
27822.79527,1.718641797,20.62370156,27.82279527
20401.35335,1.411166953,16.93400343,20.40135335
50623.0982,3.502951703,42.03542044,50.6230982
29971.03312,1.870810539,22.44972647,29.97103312
25992.45041,1.242484128,14.90980953,25.99245041
25777.17666,2.076466624,24.91759949,25.77717666
24236.27457,1.821950767,21.8634092,24.23627457
30770.2263,2.761686533,33.1402384,30.7702263
29105.64413,2.615601133,31.3872136,29.10564413
25567.21225,1.604209738,19.25051686,25.56721225
38319.97429,3.371962223,40.46354668,38.31997429
32084.18885,1.859288958,22.3114675,32.08418885
24120.30514,2.418232795,29.01879354,24.12030514
8761.629181,1.31107304,15.73287648,8.761629181
44849.56608,4.121935133,49.4632216,44.84956608
39292.48921,2.843257443,34.11908932,39.29248921
11432.69424,0.775358633,9.304303592,11.43269424
15178.78348,2.259282028,27.11138434,15.17878348
36025.30727,3.194131137,38.32957364,36.02530727
41510.70946,3.263907134,39.16688561,41.51070946
26921.90064,1.675338635,20.10406362,26.92190064
45484.12632,3.235510508,38.82612609,45.48412632
28963.27641,2.553355711,30.64026853,28.96327641
17476.45671,1.445652175,17.3478261,17.47645671
19952.60896,1.904282965,22.85139558,19.95260896
20298.03686,1.607153236,19.28583883,20.29803686
26209.70291,1.561759815,18.74111778,26.20970291
23075.67394,2.166848177,26.00217812,23.07567394
41588.84595,3.136971037,37.64365244,41.58884595
30746.31774,2.210450622,26.52540746,30.74631774
30750.27035,2.279488858,27.35386629,30.75027035
27604.3285,2.400778983,28.80934779,27.6043285
8065.610749,0.266401984,3.196823802,8.065610749
20212.35783,1.42174355,17.0609226,20.21235783
17147.52016,1.579282846,18.95139415,17.14752016
30691.12683,3.147867228,37.77440674,30.69112683
38368.79881,2.615383397,31.38460076,38.36879881
13816.359,1.095453699,13.14544439,13.816359
31904.74442,2.634935781,31.61922937,31.90474442
30207.25063,2.727716428,32.73259714,30.20725063
31110.42405,2.902203373,34.82644048,31.11042405
11283.10754,1.810631993,21.72758391,11.28310754
13207.57941,1.434576743,17.21492092,13.20757941
17553.27932,1.005937901,12.07125481,17.55327932
22512.38002,2.98773551,35.85282612,22.51238002
38559.25566,3.212593398,38.55112078,38.55925566
27127.25802,2.297512178,27.57014614,27.12725802
30001.8779,2.386379289,28.63655147,30.0018779
34945.40904,3.02642991,36.31715892,34.94540904
37612.07217,2.338357983,28.0602958,37.61207217
26015.8106,2.700292502,32.40351002,26.0158106
25703.0518,2.046813299,24.56175959,25.7030518
19059.16558,0.846372697,10.15647236,19.05916558
18420.72462,1.686381662,20.23657994,18.42072462
19931.84772,0.409023134,4.908277612,19.93184772
30348.88281,2.666757631,32.00109157,30.34888281
24339.47629,1.941095851,23.29315021,24.33947629
37964.74236,3.334415508,40.01298609,37.96474236
20981.73978,1.413914197,16.96697036,20.98173978
18448.10565,1.720101683,20.6412202,18.44810565
38058.1843,3.229949753,38.75939704,38.0581843
35910.7278,3.087534127,37.05040952,35.9107278
17517.72114,1.673408815,20.08090578,17.51772114
32969.55128,2.964584079,35.57500895,32.96955128
32266.11842,2.642784344,31.71341213,32.26611842
17043.74984,1.455875518,17.47050622,17.04374984
8677.234194,0.058132794,0.697593522,8.677234194
26832.04067,2.071460903,24.85753083,26.83204067
23953.28181,1.981742251,23.78090701,23.95328181
25288.1303,1.476797062,17.72156474,25.2881303
32655.652,2.955511991,35.46614389,32.655652
18292.49261,0.821456362,9.85747634,18.29249261
44580.98748,3.306103923,39.67324708,44.58098748
26154.38996,2.447960289,29.37552347,26.15438996
26949.73641,2.074967747,24.89961296,26.94973641
27071.87885,2.003040092,24.0364811,27.07187885
23700.41035,2.783221095,33.39865314,23.70041035
37385.70395,2.388017354,28.65620825,37.38570395
21742.82829,2.597565227,31.17078272,21.74282829
37233.10735,2.960640907,35.52769088,37.23310735
37655.17655,2.898540322,34.78248386,37.65517655
14828.47617,0.766849896,9.202198747,14.82847617
37137.57278,2.001284801,24.01541761,37.13757278
25323.18858,3.07319206,36.87830472,25.32318858
31580.18224,2.355881549,28.27057859,31.58018224
20544.38432,1.789287671,21.47145205,20.54438432
29658.18657,2.191673269,26.30007923,29.65818657
21766.63627,1.661518727,19.93822472,21.76663627
39263.72574,3.383065102,40.59678122,39.26372574
24963.20273,1.991160271,23.89392325,24.96320273
24934.25873,2.093191225,25.1182947,24.93425873
37718.40772,2.882002303,34.58402763,37.71840772
39913.10789,3.210880451,38.53056541,39.91310789
24063.41742,1.152523743,13.83028492,24.06341742
36216.99821,2.137091332,25.64509598,36.21699821
12898.193,0.762433251,9.149199012,12.898193
9143.705114,1.074785534,12.89742641,9.143705114
39250.92951,2.295596218,27.54715462,39.25092951
40015.15859,3.641991418,43.70389702,40.01515859
15999.82833,2.982894714,35.79473657,15.99982833
28445.37671,2.319958353,27.83950024,28.44537671
26609.99946,2.222268319,26.66721983,26.60999946
34426.90133,2.309864246,27.71837095,34.42690133
18005.89596,1.482459218,17.78951062,18.00589596
40833.75976,2.954375659,35.45250791,40.83375976
33290.30102,3.062839901,36.75407881,33.29030102
26858.66062,1.731178468,20.77414162,26.85866062
37302.38922,2.333724769,28.00469723,37.30238922
13056.86854,1.133414626,13.60097551,13.05686854
32397.49761,2.97911467,35.74937604,32.39749761
31786.24641,2.851369863,34.21643835,31.78624641
24506.82954,1.40821837,16.89862044,24.50682954
10048.486,1.429853864,17.15824637,10.048486
27087.12892,2.497658978,29.97190774,27.08712892
6130.256874,1.341967524,16.10361029,6.130256874
42598.53103,3.697769452,44.37323342,42.59853103
36535.66786,2.746112488,32.95334985,36.53566786
26993.06272,1.38225537,16.58706444,26.99306272
36553.78477,3.002818087,36.03381704,36.55378477
33759.12589,2.956950563,35.48340675,33.75912589
31434.18335,2.114752191,25.37702629,31.43418335
32621.05959,1.966618784,23.59942541,32.62105959
37220.74232,2.531554508,30.37865409,37.22074232
19166.83951,1.926053202,23.11263842,19.16683951
22787.20355,1.364460066,16.37352079,22.78720355
34817.94449,2.607963352,31.29556022,34.81794449
32527.0609,2.506914468,30.08297362,32.5270609
27385.41936,2.339528503,28.07434204,27.38541936
34540.89473,2.952676128,35.43211353,34.54089473
36451.48906,2.467283208,29.6073985,36.45148906
26443.47021,1.661200596,19.93440715,26.44347021
14906.56178,1.389261796,16.67114155,14.90656178
10705.52222,1.562769096,18.75322915,10.70552222
19120.9477,2.254386478,27.05263774,19.1209477
28325.71614,2.198320754,26.37984905,28.32571614
28530.78111,1.897426915,22.76912298,28.53078111
19283.84574,1.431501738,17.17802086,19.28384574
32976.82987,1.966994943,23.60393932,32.97682987
21295.66058,1.314110596,15.76932715,21.29566058
19961.62659,1.76738908,21.20866896,19.96162659
18643.92856,1.660700818,19.92840981,18.64392856
30616.59628,2.814880173,33.77856208,30.61659628
23834.93708,2.121802558,25.4616307,23.83493708
30702.1633,1.844512545,22.13415054,30.7021633
15829.78428,1.243154986,14.91785983,15.82978428
21614.44841,2.652246562,31.82695874,21.61444841
31709.55434,2.949371371,35.39245645,31.70955434
23442.14588,2.504833384,30.05800061,23.44214588
28478.02311,2.020440988,24.24529185,28.47802311
28217.01529,2.132727053,25.59272463,28.21701529
31279.70614,2.709866218,32.51839461,31.27970614
28864.0701,1.425874093,17.11048912,28.8640701
17174.6025,1.290638163,15.48765795,17.1746025
33151.52324,2.672230193,32.06676232,33.15152324
7863.027861,0.762886119,9.154633426,7.863027861
32954.65449,2.235982834,26.83179401,32.95465449
18900.48361,1.536218873,18.43462647,18.90048361
26249.73464,1.266248657,15.19498388,26.24973464
37033.18253,3.381861502,40.58233802,37.03318253
13446.69288,0.643334399,7.720012787,13.44669288
25346.14365,1.958228366,23.49874039,25.34614365
22676.00947,3.172798768,38.07358521,22.67600947
17464.8714,2.044208646,24.53050375,17.4648714
15136.79828,2.136195193,25.63434232,15.13679828
27498.8127,2.998885764,35.98662917,27.4988127
21188.10659,1.217014049,14.60416859,21.18810659
17594.25211,1.63326517,19.59918204,17.59425211
18589.84428,1.320291154,15.84349385,18.58984428
29949.35169,2.860078496,34.32094195,29.94935169
29596.77704,2.305732316,27.66878779,29.59677704
33702.42688,3.538174918,42.45809901,33.70242688
24577.25535,3.093147268,37.11776722,24.57725535
19433.93546,1.742522062,20.91026474,19.43393546
24322.27626,2.040125543,24.48150652,24.32227626
25253.22513,2.00585981,24.07031772,25.25322513
21765.86811,2.021053801,24.25264561,21.76586811
27858.73513,2.606250514,31.27500617,27.85873513
17425.15289,1.283400406,15.40080487,17.42515289
41300.36578,3.322574879,39.87089855,41.30036578
22739.02495,1.462949761,17.55539713,22.73902495
17718.4986,1.820404029,21.84484835,17.7184986
13399.35518,0.675420491,8.105045895,13.39935518
27589.52335,2.585159967,31.0219196,27.58952335
31372.35672,2.642432818,31.70919381,31.37235672
38286.35276,3.12820497,37.53845964,38.28635276
27126.06915,2.598414703,31.18097643,27.12606915
32049.48062,1.874312429,22.49174915,32.04948062
35009.36883,3.006435606,36.07722727,35.00936883
24227.32532,2.116093253,25.39311903,24.22732532
23015.22033,2.540565028,30.48678033,23.01522033
39160.07998,2.99114606,35.89375272,39.16007998
40311.94694,3.03611762,36.43341144,40.31194694
16936.69481,1.919491188,23.03389426,16.93669481
16375.6494,1.728025577,20.73630692,16.3756494
22418.9201,3.278627138,39.34352565,22.4189201
16507.13246,1.107936388,13.29523666,16.50713246
29088.23413,2.42390463,29.08685556,29.08823413
27568.72491,2.421751048,29.06101257,27.56872491
31437.00317,2.415446571,28.98535885,31.43700317
20985.30411,1.24690586,14.96287032,20.98530411
28243.47836,2.702140494,32.42568593,28.24347836
15412.9897,0.722823296,8.673879548,15.4129897
26700.15375,1.733177338,20.79812805,26.70015375
19952.84104,1.462576436,17.55091723,19.95284104
12622.152,1.007768391,12.09322069,12.622152
33506.13023,2.492458938,29.90950726,33.50613023
18170.32186,1.525699398,18.30839277,18.17032186
35386.4529,2.816202665,33.79443198,35.3864529
32930.48843,2.313951351,27.76741621,32.93048843
25930.47288,2.113445398,25.36134477,25.93047288
21358.57614,1.579860473,18.95832568,21.35857614
33774.65379,2.489713932,29.87656718,33.77465379
21724.6048,2.84830465,34.1796558,21.7246048
33979.33098,2.437412987,29.24895584,33.97933098
27893.52703,2.723498675,32.6819841,27.89352703
37678.01649,2.709082863,32.50899436,37.67801649
27256.47635,2.781562473,33.37874968,27.25647635
24107.17494,2.266576322,27.19891586,24.10717494
31063.74187,2.373391204,28.48069445,31.06374187
46477.26004,3.738199438,44.85839325,46.47726004
28222.29567,2.329706481,27.95647777,28.22229567
24695.3096,1.942842923,23.31411507,24.6953096
30249.27319,2.815181125,33.7821735,30.24927319
35296.48247,2.481959767,29.7835172,35.29648247
35993.72147,3.859149718,46.30979661,35.99372147
23978.83117,2.883214665,34.59857598,23.97883117
27381.19428,2.185298665,26.22358398,27.38119428
15836.76437,1.101450129,13.21740155,15.83676437
39209.67656,3.118064836,37.41677803,39.20967656
32030.72337,1.958677793,23.50413352,32.03072337
25680.85924,2.306618117,27.6794174,25.68085924
29031.50672,2.329968973,27.95962768,29.03150672
26289.15849,1.802922847,21.63507416,26.28915849
19154.88778,1.422262463,17.06714955,19.15488778
34519.67013,2.847663153,34.17195784,34.51967013
16536.38075,2.013206872,24.15848246,16.53638075
27320.75225,2.147055108,25.7646613,27.32075225
28151.63978,2.337774154,28.05328985,28.15163978
20144.82309,2.366862796,28.40235355,20.14482309
33269.3046,2.654753872,31.85704646,33.2693046
17981.30674,1.965244568,23.58293481,17.98130674
31147.86614,3.036499724,36.43799669,31.14786614
32401.62479,3.375956417,40.511477,32.40162479
31949.84379,2.37275753,28.47309036,31.94984379
34694.3837,2.945416778,35.34500133,34.6943837
22064.2988,1.382017915,16.58421498,22.0642988
34362.59659,3.504637432,42.05564918,34.36259659
38222.25987,3.040416895,36.48500274,38.22225987
29559.5405,2.533495816,30.40194979,29.5595405
27669.61275,1.595644493,19.14773392,27.66961275
26989.13803,2.587614675,31.0513761,26.98913803
31721.84963,2.279584496,27.35501395,31.72184963
23800.30169,1.390549879,16.68659855,23.80030169
23181.59267,2.191646253,26.29975503,23.18159267
31322.34133,3.039733412,36.47680094,31.32234133
32466.71287,2.7415194,32.8982328,32.46671287
9152.448732,0.82876214,9.945145679,9.152448732
20470.40119,0.462918473,5.555021673,20.47040119
35458.06395,3.007166354,36.08599625,35.45806395
23899.66446,1.805443161,21.66531793,23.89966446
10836.20617,0.52608942,6.313073038,10.83620617
29775.22724,2.305954927,27.67145912,29.77522724
39700.11512,2.917469588,35.00963505,39.70011512
27959.76035,3.162309109,37.94770931,27.95976035
35409.98594,2.563329654,30.75995585,35.40998594
37501.0765,2.434118634,29.20942361,37.5010765
19062.87338,1.742728732,20.91274478,19.06287338
43835.42767,2.967442786,35.60931343,43.83542767
45430.34605,3.791313179,45.49575815,45.43034605
23944.41169,2.447769954,29.37323945,23.94441169
17319.09315,1.293361794,15.52034153,17.31909315
10566.92449,1.202789648,14.43347577,10.56692449
22840.36157,1.420590414,17.04708497,22.84036157
33768.5758,1.920364585,23.04437502,33.7685758
25403.30937,2.323642549,27.88371059,25.40330937
11843.4969,1.04405759,12.52869108,11.8434969
45393.56854,3.254512736,39.05415283,45.39356854
25687.63876,2.70468973,32.45627676,25.68763876
16999.35396,1.723177691,20.67813229,16.99935396
15764.97148,1.217847296,14.61416755,15.76497148
13166.95593,2.076497554,24.91797065,13.16695593
29650.0095,2.013349857,24.16019828,29.6500095
25547.89473,1.67083527,20.05002324,25.54789473
6599.398529,1.105994234,13.27193081,6.599398529
35924.5248,2.947822758,35.3738731,35.9245248
21018.15876,2.132279697,25.58735636,21.01815876
30407.94103,2.814837969,33.77805563,30.40794103
14951.0642,2.238985154,26.86782185,14.9510642
20119.18043,1.702705783,20.4324694,20.11918043
19075.78433,2.275001931,27.30002317,19.07578433
21976.94313,1.624177129,19.49012555,21.97694313
22962.86082,1.325312516,15.90375019,22.96286082
31855.96389,2.910756836,34.92908203,31.85596389
18564.00377,2.032619541,24.39143449,18.56400377
13468.69947,1.619788127,19.43745752,13.46869947
18615.39857,0.601942851,7.223314209,18.61539857
32805.84987,2.657773901,31.89328681,32.80584987
38422.77326,2.53026977,30.36323724,38.42277326
19375.07009,1.361712023,16.34054427,19.37507009
22371.46557,1.535174431,18.42209317,22.37146557
24947.79162,1.661860208,19.9423225,24.94779162
33098.37624,2.405514534,28.86617441,33.09837624
43355.87823,3.750995081,45.01194097,43.35587823
24963.44984,1.37242587,16.46911044,24.96344984
21052.46555,1.635275407,19.62330488,21.05246555
22322.03285,1.960427278,23.52512734,22.32203285
41441.18585,3.394904891,40.73885869,41.44118585
24705.00572,2.076621022,24.91945226,24.70500572
20984.88795,1.926245572,23.11494686,20.98488795
15933.99098,0.900927788,10.81113346,15.93399098
30748.0055,2.760621034,33.12745241,30.7480055
34973.24556,2.408572603,28.90287124,34.97324556
17914.4641,1.704135523,20.44962628,17.9144641
27639.4564,2.659782799,31.91739359,27.6394564
22991.95367,1.976691018,23.72029221,22.99195367
25814.51787,1.825434128,21.90520953,25.81451787
19997.95483,1.637774883,19.65329859,19.99795483
18384.34858,1.890988546,22.69186255,18.38434858
45577.47253,3.265224677,39.18269612,45.57747253
20848.21056,1.54102067,18.49224804,20.84821056
30047.47115,2.318974979,27.82769975,30.04747115
36203.14925,2.932507603,35.19009124,36.20314925
23321.13865,1.344839468,16.13807361,23.32113865
31873.34725,2.498742899,29.98491479,31.87334725
25812.86123,3.382799371,40.59359245,25.81286123
19618.3236,1.768761559,21.22513871,19.6183236
6542.819263,0.742006677,8.904080118,6.542819263
19321.55024,1.818507829,21.82209395,19.32155024
32410.39493,2.002935115,24.03522138,32.41039493
29176.04446,2.01933017,24.23196204,29.17604446
26680.4785,2.044106295,24.52927554,26.6804785
19415.45757,1.784627367,21.4155284,19.41545757
33142.33086,3.041535695,36.49842834,33.14233086
24906.10154,1.921980938,23.06377125,24.90610154
-74.56294824,0.240168515,2.882022178,-0.074562948
9812.225978,0.47701271,5.724152518,9.812225978
16446.95318,1.738908889,20.86690667,16.44695318
33270.87622,2.828855089,33.94626107,33.27087622
27357.45736,2.927165273,35.12598327,27.35745736
30146.43834,1.890237053,22.68284463,30.14643834
20983.28531,2.040112918,24.48135501,20.98328531
28372.48993,2.363252828,28.35903393,28.37248993
41826.06463,2.810781441,33.72937729,41.82606463
14353.95404,1.361700304,16.34040365,14.35395404
34198.57523,2.535446317,30.4253558,34.19857523
14713.49698,1.876734561,22.52081473,14.71349698
21044.80318,1.763959983,21.1675198,21.04480318
30753.13217,1.948081241,23.37697489,30.75313217
20734.62108,1.085149384,13.02179261,20.73462108
18076.15621,1.54326615,18.5191938,18.07615621
20483.15261,1.865739881,22.38887857,20.48315261
28069.98871,2.699068013,32.38881615,28.06998871
14018.61564,1.029066542,12.3487985,14.01861564
40801.13245,2.981880841,35.78257009,40.80113245
23674.13089,2.092472026,25.10966431,23.67413089
31922.80785,2.797045879,33.56455055,31.92280785
17274.35348,1.383598487,16.60318184,17.27435348
25524.43215,1.98612628,23.83351536,25.52443215
30771.12985,2.289007828,27.46809393,30.77112985
26664.00309,2.016916782,24.20300138,26.66400309
28320.0683,2.412572141,28.95086569,28.3200683
32627.1748,2.850001773,34.20002127,32.6271748
34657.15,3.196041512,38.35249814,34.65715
24619.66064,1.3598682,16.3184184,24.61966064
22901.86181,1.330351258,15.96421509,22.90186181
27646.9355,2.344464586,28.13357503,27.6469355
36417.06991,2.172283764,26.06740517,36.41706991
25723.517,1.900532205,22.80638646,25.723517
39658.79307,2.784496216,33.41395459,39.65879307
34587.40264,2.808706349,33.70447619,34.58740264
25267.73775,2.012351273,24.14821528,25.26773775
40146.65392,3.593562327,43.12274792,40.14665392
31539.58922,2.273846395,27.28615674,31.53958922
29907.18684,0.842756598,10.11307918,29.90718684
28241.01059,1.733372582,20.80047098,28.24101059
25020.42268,1.848187153,22.17824584,25.02042268
41290.4444,2.93001341,35.16016092,41.2904444
20006.48813,1.68465116,20.21581392,20.00648813
24131.01222,2.209403998,26.51284797,24.13101222
29797.24098,2.607885354,31.29462425,29.79724098
38877.47799,3.746126491,44.95351789,38.87747799
22953.91772,1.70723971,20.48687652,22.95391772
15057.72095,1.287965186,15.45558223,15.05772095
41609.17286,3.049530276,36.59436331,41.60917286
32509.45676,2.705910043,32.47092052,32.50945676
31160.82851,1.959716858,23.5166023,31.16082851
23726.89367,2.496791635,29.96149962,23.72689367
23737.6003,1.680252671,20.16303205,23.7376003
24590.88063,2.17399551,26.08794612,24.59088063
27972.29845,2.326169143,27.91402971,27.97229845
21674.83648,1.515323825,18.1838859,21.67483648
24256.67222,1.665021935,19.98026322,24.25667222
23508.55023,2.386200332,28.63440398,23.50855023
18822.50213,1.749178649,20.99014379,18.82250213
43578.27715,4.037247981,48.44697577,43.57827715
29221.33504,1.723301283,20.67961539,29.22133504
15261.51594,1.278378006,15.34053607,15.26151594
13209.59107,1.372418048,16.46901658,13.20959107
49494.72976,3.544310863,42.53173035,49.49472976
30114.01489,3.106751258,37.28101509,30.11401489
49530.16503,3.250074486,39.00089383,49.53016503
38629.58781,2.519276863,30.23132235,38.62958781
20600.60869,2.303321445,27.63985734,20.60060869
21082.27548,1.886185561,22.63422673,21.08227548
8855.850199,0.682656831,8.191881971,8.855850199
25743.25575,1.857273138,22.28727765,25.74325575
40669.69269,2.986064872,35.83277846,40.66969269
30928.11766,2.359934848,28.31921817,30.92811766
34550.0795,3.486661723,41.83994068,34.5500795
28929.1053,2.067798949,24.81358739,28.9291053
2832.975746,0.841613741,10.09936489,2.832975746
25447.46797,1.686906142,20.2428737,25.44746797
33684.05978,3.456682954,41.48019545,33.68405978
28028.44593,2.526538959,30.31846751,28.02844593
31392.28586,1.931483311,23.17779973,31.39228586
34607.15058,2.11408686,25.36904232,34.60715058
32384.40483,2.069419855,24.83303826,32.38440483
22635.96693,1.728204327,20.73845192,22.63596693
21783.63259,2.166810253,26.00172303,21.78363259
31797.83126,3.33411771,40.00941252,31.79783126
19872.40378,2.82237565,33.8685078,19.87240378
42641.92391,4.071016143,48.85219371,42.64192391
42170.61508,3.508633866,42.10360639,42.17061508
21152.29887,2.790487525,33.4858503,21.15229887
27724.23242,2.741518241,32.89821889,27.72423242
30884.14976,2.083988527,25.00786232,30.88414976
12842.58482,1.427716636,17.13259963,12.84258482
27767.04404,1.379662844,16.55595413,27.76704404
43790.00412,3.246590691,38.95908829,43.79000412
32242.90902,2.695539992,32.3464799,32.24290902
17261.57903,1.455693433,17.4683212,17.26157903
38645.76918,2.50283426,30.03401112,38.64576918
34240.90098,3.178957191,38.14748629,34.24090098
23431.33519,2.464282138,29.57138566,23.43133519
21247.31107,1.506799761,18.08159713,21.24731107
29039.67765,2.272307052,27.26768462,29.03967765
49163.34006,3.750688662,45.00826394,49.16334006
18301.85105,1.373121968,16.47746361,18.30185105
15182.6183,2.366076997,28.39292396,15.1826183
24785.90461,2.022987452,24.27584942,24.78590461
13840.3513,1.45266626,17.43199512,13.8403513
24273.76886,2.381451202,28.57741442,24.27376886
28751.16411,2.226807815,26.72169378,28.75116411
26873.7344,2.105535384,25.26642461,26.8737344
29093.41431,2.036864323,24.44237187,29.09341431
25682.08498,1.382179188,16.58615025,25.68208498
41789.17997,3.387320432,40.64784518,41.78917997
33066.39334,2.600937782,31.21125338,33.06639334
21708.8948,2.083835032,25.00602038,21.7088948
23878.86592,2.003609633,24.0433156,23.87886592
20434.14437,2.252110073,27.02532088,20.43414437
33263.21434,2.361589183,28.33907019,33.26321434
40992.6471,3.492269183,41.90723019,40.9926471
29858.92176,1.656644735,19.87973682,29.85892176
27195.52587,2.035001155,24.42001386,27.19552587
24343.83441,2.136814728,25.64177673,24.34383441
25299.93274,1.904533541,22.85440249,25.29993274
32547.03299,2.435582543,29.22699052,32.54703299
30223.5818,1.74313174,20.91758088,30.2235818
39407.50427,3.438131354,41.25757625,39.40750427
29132.94546,1.729236262,20.75083514,29.13294546
25830.91133,2.693793271,32.32551925,25.83091133
27942.26372,2.652451349,31.82941619,27.94226372
29568.85417,2.165026413,25.98031696,29.56885417
29923.2022,2.292545868,27.51055041,29.9232022
33900.83972,3.168753279,38.02503935,33.90083972
11902.38054,1.143474833,13.72169799,11.90238054
40245.63612,3.335698197,40.02837836,40.24563612
6443.033148,1.199491729,14.39390075,6.443033148
27888.7003,2.10300339,25.23604068,27.8887003
19174.6863,1.368538074,16.42245689,19.1746863
25739.58722,2.020860455,24.25032546,25.73958722
25820.17973,2.530500223,30.36600268,25.82017973
27846.03206,2.286739022,27.44086826,27.84603206
36778.52051,3.117050322,37.40460386,36.77852051
30700.97946,2.61028734,31.32344808,30.70097946
36578.72,2.963448283,35.56137939,36.57872
33838.18,2.882009115,34.58410938,33.83818
20573.59251,1.59602117,19.15225404,20.57359251
28052.73789,2.825386823,33.90464188,28.05273789
24266.14903,1.975061,23.700732,24.26614903
21579.4361,1.695469333,20.34563199,21.5794361
27105.92964,1.353125263,16.23750316,27.10592964
25809.05193,1.27465816,15.29589792,25.80905193
11189.35438,1.456343135,17.47611762,11.18935438
25491.07781,2.1758204,26.1098448,25.49107781
19776.21386,1.937886973,23.25464367,19.77621386
31663.52784,1.408336197,16.90003436,31.66352784
48954.11437,3.647187959,43.76625551,48.95411437
22215.50276,1.699192865,20.39031438,22.21550276
30139.99521,2.228368453,26.74042143,30.13999521
40384.89563,3.024635519,36.29562623,40.38489563
26183.00131,1.304389463,15.65267356,26.18300131
42686.48209,3.132229788,37.58675746,42.68648209
24990.50373,1.422080366,17.06496439,24.99050373
23788.15824,1.806539429,21.67847315,23.78815824
16695.23939,1.072785616,12.87342739,16.69523939
19891.41826,1.789292765,21.47151318,19.89141826
35892.36301,2.760414223,33.12497067,35.89236301
18937.79372,1.770607928,21.24729513,18.93779372
27793.65507,2.525547478,30.30656974,27.79365507
49346.24402,3.418348468,41.02018162,49.34624402
34449.99028,2.780199223,33.36239067,34.44999028
24141.82264,1.813031532,21.75637838,24.14182264
23599.78069,1.830749518,21.96899421,23.59978069
23713.94682,2.034406051,24.41287261,23.71394682
34100.04677,2.866961381,34.40353657,34.10004677
40969.05743,2.722148746,32.66578495,40.96905743
15736.96895,1.698532032,20.38238438,15.73696895
42935.60499,3.504529114,42.05434937,42.93560499
28262.67678,1.642658937,19.71190724,28.26267678
35533.39558,3.039961915,36.47954298,35.53339558
25210.26485,2.793251043,33.51901251,25.21026485
23698.16005,2.157552459,25.89062951,23.69816005
33990.44625,2.577759159,30.93310991,33.99044625
37398.09736,3.307522573,39.69027087,37.39809736
26268.95927,2.350434319,28.20521183,26.26895927
8356.293486,0.278151402,3.337816827,8.356293486
19331.91188,2.201018055,26.41221666,19.33191188
16592.08775,1.326256766,15.91508119,16.59208775
21615.87364,1.198303218,14.37963861,21.61587364
37853.64184,2.592072884,31.10487461,37.85364184
25855.54087,1.940124528,23.28149434,25.85554087
27062.54209,1.964669699,23.57603639,27.06254209
20805.5367,1.569161738,18.82994086,20.8055367
18855.85963,1.746898787,20.96278544,18.85585963
28994.38453,2.260331063,27.12397276,28.99438453
20124.21619,2.040009149,24.48010979,20.12421619
37491.79722,2.832297838,33.98757406,37.49179722
36537.11419,2.701451148,32.41741378,36.53711419
30612.36086,2.376650658,28.5198079,30.61236086
30821.16622,2.597697728,31.17237273,30.82116622
33856.00819,2.876384737,34.51661684,33.85600819
20071.00557,1.921841686,23.06210023,20.07100557
22878.75139,2.148456156,25.78147387,22.87875139
23906.17929,2.056497279,24.67796735,23.90617929
29872.75547,2.607884314,31.29461177,29.87275547
16438.70653,1.005113428,12.06136113,16.43870653
23776.28038,2.02701674,24.32420088,23.77628038
12889.20143,1.64985443,19.79825316,12.88920143
19282.28219,1.543990919,18.52789103,19.28228219
31747.72271,2.268109781,27.21731737,31.74772271
19440.75618,1.973277998,23.67933597,19.44075618
26073.93869,2.097522738,25.17027286,26.07393869
35240.23173,3.193366973,38.32040367,35.24023173
22302.27382,1.961204999,23.53445999,22.30227382
40351.15665,3.648386997,43.78064396,40.35115665
38138.38961,2.37674933,28.52099196,38.13838961
33568.9438,2.079428188,24.95313825,33.5689438
24974.93226,2.073045251,24.87654301,24.97493226
21655.53971,2.4038373,28.8460476,21.65553971
46605.93754,3.810382947,45.72459536,46.60593754
27889.74275,1.722874629,20.67449555,27.88974275
27551.95523,2.200924896,26.41109875,27.55195523
28476.80044,3.070282941,36.84339529,28.47680044
12404.92474,1.465380517,17.5845662,12.40492474
17584.26055,1.824516578,21.89419893,17.58426055
24666.50151,1.846811728,22.16174073,24.66650151
24160.27022,2.688874768,32.26649722,24.16027022
19903.79664,1.419919157,17.03902988,19.90379664
21974.41306,2.101843682,25.22212418,21.97441306
19634.78749,1.368168969,16.41802763,19.63478749
