X,Y,ExperienceX(in moths),salaryY(in thousands)
1.52419111,16521.82491,18.29029332,16.52182491
1.418617224,11666.23372,17.02340669,11.66623372
2.195301123,23167.25455,26.34361348,23.16725455
1.592152823,20877.14542,19.10583387,20.87714542
2.311876373,23166.23569,27.74251647,23.16623569
2.639264276,32966.25076,31.67117131,32.96625076
1.182199886,15294.16954,14.18639863,15.29416954
2.49440375,33159.46113,29.932845,33.15946113
2.736777279,32032.6529,32.84132735,32.0326529
2.239489093,32347.78358,26.87386911,32.34778358
3.459483993,38246.87556,41.51380791,38.24687556
2.68343147,22773.60262,32.20117764,22.77360262
2.894852153,39554.84071,34.73822584,39.55484071
2.292910946,26922.87021,27.51493135,26.92287021
2.146771514,28116.47711,25.76125817,28.11647711
3.077109841,32533.00295,36.92531809,32.53300295
1.978916875,26043.33166,23.7470025,26.04333166
2.007790652,24086.04097,24.09348782,24.08604097
1.344483513,20919.91068,16.13380215,20.91991068
1.937713583,21041.63596,23.252563,21.04163596
2.135881837,25718.71117,25.63058204,25.71871117
2.299932152,25591.44379,27.59918582,25.59144379
1.910092023,28906.51651,22.92110427,28.90651651
1.670973415,18304.4055,20.05168098,18.3044055
2.081920604,22236.21025,24.98304725,22.23621025
2.826554399,35845.81749,33.91865279,35.84581749
3.704571153,33880.03752,44.45485384,33.88003752
1.632194218,15425.00761,19.58633061,15.42500761
1.542596444,17939.58494,18.51115733,17.93958494
2.628471168,34296.49187,31.54165401,34.29649187
2.643202905,33228.16701,31.71843486,33.22816701
1.527175516,29339.40107,18.32610619,29.33940107
1.779001947,16877.96087,21.34802336,16.87796087
2.242505827,25287.93949,26.91006992,25.28793949
2.911644989,33343.63003,34.93973987,33.34363003
2.277546496,29719.01605,27.33055795,29.71901605
1.780345156,31503.46438,21.36414187,31.50346438
2.481835405,31891.58173,29.78202486,31.89158173
1.312328718,11766.71344,15.74794461,11.76671344
1.199735549,18726.05029,14.39682659,18.72605029
2.375079147,25146.71577,28.50094976,25.14671577
1.823341438,30956.64408,21.88009726,30.95664408
0.882609571,18597.92877,10.59131485,18.59792877
1.426879693,17090.70229,17.12255632,17.09070229
3.040679215,43247.08198,36.48815058,43.24708198
1.62761945,21849.10721,19.5314334,21.84910721
2.833573498,22441.63536,34.00288198,22.44163536
3.605953906,52859.14566,43.27144687,52.85914566
1.706373327,22131.67953,20.47647992,22.13167953
0.411340316,18686.99002,4.936083792,18.68699002
1.76449789,31487.49514,21.17397468,31.48749514
2.866118177,35667.2927,34.39341812,35.6672927
2.255183671,29238.48608,27.06220405,29.23848608
2.810282946,41540.8647,33.72339535,41.5408647
2.385895078,32672.93143,28.63074094,32.67293143
2.109356172,30081.46509,25.31227406,30.08146509
2.278132828,28443.71365,27.33759393,28.44371365
1.551208333,25838.07529,18.6145,25.83807529
2.656379843,39447.02366,31.87655812,39.44702366
2.884080469,32152.41704,34.60896563,32.15241704
1.421673915,12949.52236,17.06008698,12.94952236
2.145326301,14741.57643,25.74391561,14.74157643
2.846026881,26549.23556,34.15232257,26.54923556
1.746012328,24060.77464,20.95214793,24.06077464
1.001237527,10642.28012,12.01485032,10.64228012
1.034021398,15938.90415,12.40825677,15.93890415
2.444878655,33860.65242,29.33854386,33.86065242
2.600478137,28922.9164,31.20573764,28.9229164
1.997060452,20344.95438,23.96472542,20.34495438
0.608730222,8483.358559,7.304762668,8.483358559
3.067639426,24868.20448,36.81167311,24.86820448
1.663507926,16709.01159,19.96209511,16.70901159
3.846232632,44891.63582,46.15479158,44.89163582
1.15932515,11372.36537,13.9119018,11.37236537
2.351617205,20767.29237,28.21940646,20.76729237
1.391164818,20926.95442,16.69397781,20.92695442
2.08787506,19328.75796,25.05450072,19.32875796
1.715648168,22613.37303,20.58777801,22.61337303
2.031055313,20115.48744,24.37266375,20.11548744
2.919801077,33934.40549,35.03761292,33.93440549
3.185740964,39625.52727,38.22889157,39.62552727
2.608904252,31031.46072,31.30685102,31.03146072
2.387137652,25738.9722,28.64565182,25.7389722
2.328594839,32123.35097,27.94313807,32.12335097
2.587680618,34185.61683,31.05216742,34.18561683
1.590132296,24242.39382,19.08158755,24.24239382
3.890890368,55297.01647,46.69068442,55.29701647
2.628489252,28346.0702,31.54187102,28.3460702
2.243812853,18856.5179,26.92575423,18.8565179
1.816184205,21941.64077,21.79421046,21.94164077
3.140248508,34457.31217,37.68298209,34.45731217
0.929886323,9206.941606,11.15863588,9.206941606
3.678591442,37110.21102,44.1430973,37.11021102
3.014447844,41623.25748,36.17337413,41.62325748
3.885260414,47216.57055,46.62312497,47.21657055
1.677819347,27033.71337,20.13383216,27.03371337
1.855555692,28806.81668,22.2666683,28.80681668
2.23726891,28349.33112,26.84722692,28.34933112
2.752303385,31538.61969,33.02764062,31.53861969
1.849164493,33609.34167,22.18997391,33.60934167
1.983723755,19139.92433,23.80468506,19.13992433
0.943652512,13956.59036,11.32383014,13.95659036
1.175632644,12158.17632,14.10759173,12.15817632
1.480575819,17481.40272,17.76690983,17.48140272
2.492221525,39518.76962,29.9066583,39.51876962
2.834168415,24061.59267,34.01002098,24.06159267
1.882966467,14400.36501,22.5955976,14.40036501
2.397626768,31353.8678,28.77152121,31.3538678
0.262795504,2856.367326,3.153546051,2.856367326
2.224820082,30210.15014,26.69784098,30.21015014
2.761425921,40052.99355,33.13711105,40.05299355
2.533435518,27740.52643,30.40122621,27.74052643
1.925418132,17947.86364,23.10501758,17.94786364
1.204641728,23972.98257,14.45570073,23.97298257
1.201185033,19014.597,14.4142204,19.014597
2.847855492,27164.56045,34.1742659,27.16456045
2.545686363,35972.56762,30.54823636,35.97256762
1.963334378,26894.9827,23.56001254,26.8949827
2.565217263,42523.80661,30.78260716,42.52380661
0.795253204,12030.85972,9.543038445,12.03085972
2.050732609,23638.5392,24.60879131,23.6385392
2.584380256,36214.55744,31.01256307,36.21455744
2.157668883,29450.01095,25.89202659,29.45001095
1.830242164,17853.94258,21.96290597,17.85394258
1.898828784,31448.68582,22.78594541,31.44868582
2.223030378,31490.07715,26.67636453,31.49007715
1.962290263,22411.04902,23.54748316,22.41104902
3.982303618,47227.93229,47.78764341,47.22793229
2.165629276,24284.89776,25.98755131,24.28489776
2.187898143,21448.2888,26.25477771,21.4482888
2.402160137,28455.40733,28.82592164,28.45540733
1.659718322,23810.72977,19.91661986,23.81072977
2.426688907,23757.66722,29.12026688,23.75766722
0.710054243,-1276.342271,8.520650917,-1.276342271
1.756284999,20190.90958,21.07541999,20.19090958
0.934380798,7903.429572,11.21256958,7.903429572
2.006660984,27837.35076,24.07993181,27.83735076
0.297311563,17596.69684,3.567738759,17.59669684
3.110889988,26128.31897,37.33067985,26.12831897
1.28709826,22561.76735,15.44517912,22.56176735
1.466607073,29378.48452,17.59928488,29.37848452
2.618471778,38540.10299,31.42166134,38.54010299
2.172846692,26549.1017,26.0741603,26.5491017
3.060031685,25723.93005,36.72038022,25.72393005
2.268296063,26792.04699,27.21955275,26.79204699
1.956671224,24803.16178,23.48005469,24.80316178
1.627119841,22227.98386,19.52543809,22.22798386
2.032395294,23597.52699,24.38874353,23.59752699
1.966208181,21561.72248,23.59449817,21.56172248
2.967776623,32867.20958,35.61331948,32.86720958
2.601241659,35979.97953,31.21489991,35.97997953
1.6616038,20602.94554,19.9392456,20.60294554
3.116412315,33331.69868,37.39694778,33.33169868
1.335113609,15872.76615,16.02136331,15.87276615
1.572907863,21239.69615,18.87489435,21.23969615
1.774057448,18933.01518,21.28868937,18.93301518
3.305161019,44641.06535,39.66193223,44.64106535
2.769054376,31313.39807,33.22865251,31.31339807
0.883731765,9944.49963,10.60478118,9.94449963
2.801177233,28924.00938,33.6141268,28.92400938
2.31843163,26569.89702,27.82117956,26.56989702
2.183100842,22370.12725,26.1972101,22.37012725
1.424371735,27255.60194,17.09246082,27.25560194
2.716968511,36105.13811,32.60362213,36.10513811
2.082032132,22465.11691,24.98438558,22.46511691
2.849343566,33917.43011,34.19212279,33.91743011
0.451732874,4609.665829,5.420794484,4.609665829
2.331658356,32297.98267,27.97990027,32.29798267
2.366843465,18488.94178,28.40212158,18.48894178
2.755370894,30814.71717,33.06445073,30.81471717
1.583678053,19225.99907,19.00413663,19.22599907
2.427475528,26100.3098,29.12970634,26.1003098
2.132511915,24515.07058,25.59014298,24.51507058
2.104470859,26781.74099,25.25365031,26.78174099
2.631289212,30102.67544,31.57547054,30.10267544
2.662179406,28826.1755,31.94615287,28.8261755
1.956039559,24364.53566,23.47247471,24.36453566
1.921566981,29309.1853,23.05880377,29.3091853
1.222888438,19846.12753,14.67466125,19.84612753
2.043343574,22620.00305,24.52012289,22.62000305
3.058480908,36434.29672,36.70177089,36.43429672
1.326244653,19298.99581,15.91493583,19.29899581
1.107487148,14886.37798,13.28984577,14.88637798
1.011548532,14010.70389,12.13858238,14.01070389
1.236747042,19604.35303,14.8409645,19.60435303
1.838325104,27599.79661,22.05990125,27.59979661
3.691627509,43464.62965,44.29953011,43.46462965
0.87046901,21157.40189,10.44562812,21.15740189
1.570474404,25603.04515,18.84569285,25.60304515
2.558444422,32842.31698,30.70133306,32.84231698
1.533519736,21389.65427,18.40223683,21.38965427
3.77794184,41996.46505,45.33530208,41.99646505
1.441639168,19337.4654,17.29967002,19.3374654
1.688342083,25334.45199,20.26010499,25.33445199
3.149636978,34114.10097,37.79564374,34.11410097
1.077247176,8949.541314,12.92696611,8.949541314
4.087090848,44907.44187,49.04509018,44.90744187
1.897340488,13425.86414,22.76808585,13.42586414
2.792889483,29977.26715,33.51467379,29.97726715
2.104423215,27231.90501,25.25307858,27.23190501
2.131149303,31274.68523,25.57379163,31.27468523
1.878502726,27309.00162,22.54203271,27.30900162
1.952807253,32736.99831,23.43368704,32.73699831
2.271769799,36270.24142,27.26123759,36.27024142
3.547307569,35897.07628,42.56769083,35.89707628
2.559163223,28512.10408,30.70995867,28.51210408
2.538538245,25348.98174,30.46245894,25.34898174
2.238817158,22666.19692,26.86580589,22.66619692
1.138256725,19235.59674,13.6590807,19.23559674
1.307781368,18077.89158,15.69337642,18.07789158
3.114174454,36151.11164,37.37009345,36.15111164
3.214863251,38875.54687,38.57835901,38.87554687
2.779098144,33185.40768,33.34917773,33.18540768
2.801127109,36155.9623,33.61352531,36.1559623
1.56895699,23448.1051,18.82748388,23.4481051
3.090683905,40378.45605,37.08820686,40.37845605
3.558500819,28946.38197,42.70200983,28.94638197
2.349630097,26599.37383,28.19556116,26.59937383
2.509863217,23290.34488,30.1183586,23.29034488
3.200785251,30757.65534,38.40942301,30.75765534
2.320737065,12224.1505,27.84884478,12.2241505
1.698261208,16009.27592,20.37913449,16.00927592
1.930419573,24134.76114,23.16503488,24.13476114
2.098630307,19670.49438,25.18356368,19.67049438
2.007422482,18060.13226,24.08906978,18.06013226
1.424741074,25285.45792,17.09689289,25.28545792
1.248287344,16491.86796,14.97944813,16.49186796
2.84312883,36304.8673,34.11754596,36.3048673
3.263092861,45217.11461,39.15711433,45.21711461
3.165431066,32976.20827,37.98517279,32.97620827
2.63903735,38594.14111,31.6684482,38.59414111
0.522288707,15751.88292,6.267464489,15.75188292
1.689971234,19490.83868,20.27965481,19.49083868
2.49878889,28955.04466,29.98546668,28.95504466
4.072576395,49539.96574,48.87091674,49.53996574
2.515398109,27208.71862,30.18477731,27.20871862
2.742819165,28096.15538,32.91382998,28.09615538
1.38855901,27056.9675,16.66270812,27.0569675
2.733988181,36785.57329,32.80785817,36.78557329
1.427310428,24214.24076,17.12772513,24.21424076
1.008992073,14833.84687,12.10790487,14.83384687
2.734696123,34768.83491,32.81635348,34.76883491
1.087459008,7604.53332,13.04950809,7.60453332
1.245212381,15926.72478,14.94254857,15.92672478
2.067370416,36133.63224,24.80844499,36.13363224
3.009010418,32601.82703,36.10812502,32.60182703
1.454109703,17083.30662,17.44931643,17.08330662
2.386718034,28971.555,28.64061641,28.971555
3.032629452,31159.57049,36.39155342,31.15957049
1.218797473,15936.25142,14.62556967,15.93625142
1.906548813,18251.34118,22.87858576,18.25134118
2.092703503,29935.84804,25.11244204,29.93584804
1.456809467,17972.27987,17.4817136,17.97227987
1.809104901,17097.05291,21.70925881,17.09705291
2.889396458,33365.07435,34.67275749,33.36507435
1.038281342,15804.65325,12.4593761,15.80465325
1.867263193,24574.51244,22.40715832,24.57451244
2.597806012,29889.19907,31.17367214,29.88919907
2.24161807,15833.86989,26.89941684,15.83386989
2.776017475,23003.33198,33.3122097,23.00333198
2.225082683,28610.7173,26.7009922,28.6107173
3.023272908,37792.90154,36.2792749,37.79290154
1.585540952,23388.97944,19.02649142,23.38897944
2.295130179,16467.33406,27.54156215,16.46733406
1.435145953,23450.44385,17.22175144,23.45044385
1.365815976,29782.89702,16.38979171,29.78289702
2.544865225,24299.4739,30.5383827,24.2994739
2.163171421,26539.26104,25.95805705,26.53926104
2.534366856,41750.52922,30.41240227,41.75052922
2.040499279,29937.33404,24.48599135,29.93733404
1.582844145,22997.15313,18.99412974,22.99715313
1.904535202,18641.41066,22.85442242,18.64141066
1.649458528,15306.63794,19.79350234,15.30663794
2.482813561,34390.14363,29.79376273,34.39014363
2.323334942,24468.94066,27.8800193,24.46894066
1.04437189,16164.10236,12.53246268,16.16410236
2.009859951,26444.33514,24.11831941,26.44433514
2.029599523,24905.35181,24.35519427,24.90535181
2.946272465,40753.59994,35.35526958,40.75359994
1.398457952,15481.25325,16.78149542,15.48125325
2.021239885,17158.29746,24.25487862,17.15829746
1.389652565,22056.05524,16.67583078,22.05605524
2.276505133,28070.69319,27.31806159,28.07069319
2.65556492,19247.23406,31.86677904,19.24723406
3.406140904,41464.66706,40.87369085,41.46466706
0.601578724,9250.498945,7.218944687,9.250498945
1.727964331,32235.20161,20.73557197,32.23520161
3.448907615,47091.75855,41.38689138,47.09175855
1.990502158,17142.84097,23.88602589,17.14284097
2.294330011,34181.98472,27.53196013,34.18198472
1.560607945,18171.55382,18.72729534,18.17155382
2.728531506,40009.31159,32.74237807,40.00931159
3.583972601,40636.47748,43.00767121,40.63647748
3.061576368,43083.55211,36.73891641,43.08355211
2.949973895,32850.66496,35.39968674,32.85066496
3.17082798,35037.96502,38.04993576,35.03796502
1.709600623,22018.06666,20.51520748,22.01806666
1.663829019,18926.17164,19.96594823,18.92617164
3.046808101,32613.98476,36.56169721,32.61398476
1.171466838,19352.51598,14.05760206,19.35251598
2.344488595,31759.56972,28.13386314,31.75956972
1.263025691,14631.67922,15.15630829,14.63167922
2.519572217,35590.87415,30.2348666,35.59087415
2.901889728,32466.22292,34.82267674,32.46622292
2.095496749,31105.44541,25.14596099,31.10544541
1.399104865,11741.50283,16.78925838,11.74150283
3.601783584,47007.55905,43.22140301,47.00755905
2.938078836,43575.46555,35.25694603,43.57546555
3.048834305,37999.26709,36.58601166,37.99926709
1.257943113,12707.02922,15.09531736,12.70702922
3.206263883,33872.92023,38.47516659,33.87292023
1.668632209,12012.88324,20.02358651,12.01288324
2.611361088,29330.3507,31.33633306,29.3303507
0.791881358,8975.739771,9.502576297,8.975739771
2.108020279,23902.08526,25.29624335,23.90208526
2.261860518,29647.3974,27.14232622,29.6473974
2.840801075,39346.35294,34.0896129,39.34635294
2.089302681,21058.74926,25.07163217,21.05874926
2.637122923,37612.09352,31.64547507,37.61209352
0.753446733,9071.326088,9.041360796,9.071326088
2.545018626,24648.75015,30.54022351,24.64875015
2.643249617,29921.56793,31.7189954,29.92156793
2.464111161,23276.65156,29.56933393,23.27665156
1.854953809,17070.32297,22.25944571,17.07032297
2.700166472,25130.92786,32.40199766,25.13092786
3.054050832,32998.92307,36.64860998,32.99892307
1.881159185,30057.62005,22.57391022,30.05762005
2.481907546,24324.33413,29.78289055,24.32433413
2.275061352,20490.87955,27.30073622,20.49087955
2.010828985,27805.3832,24.12994782,27.8053832
2.796156936,39221.61111,33.55388323,39.22161111
1.793638458,22983.5834,21.5236615,22.9835834
0.898465768,18881.95711,10.78158921,18.88195711
1.154513368,24520.33698,13.85416042,24.52033698
1.797325608,18694.04679,21.56790729,18.69404679
1.441696832,12599.58773,17.30036198,12.59958773
3.14300415,40680.96948,37.7160498,40.68096948
1.797825136,21231.13605,21.57390163,21.23113605
2.596771326,27587.46631,31.16125591,27.58746631
2.09847282,29800.41665,25.18167384,29.80041665
2.112375046,17227.86917,25.34850055,17.22786917
1.566399791,19788.11186,18.79679749,19.78811186
1.973142708,26738.06606,23.67771249,26.73806606
1.319531893,8987.509025,15.83438272,8.987509025
1.473413064,10182.29164,17.68095677,10.18229164
2.115790814,23818.58553,25.38948977,23.81858553
1.188331594,18411.11907,14.25997913,18.41111907
3.278121178,37788.71524,39.33745414,37.78871524
2.506534961,33576.25683,30.07841953,33.57625683
2.154985102,33081.60116,25.85982122,33.08160116
1.801397472,21242.9677,21.61676966,21.2429677
1.856144194,23519.81464,22.27373033,23.51981464
1.757167922,27610.08628,21.08601506,27.61008628
0.860188608,21672.24184,10.32226329,21.67224184
1.960120646,21643.85524,23.52144775,21.64385524
2.48774806,32501.79709,29.85297672,32.50179709
2.36835581,31653.36144,28.42026972,31.65336144
1.832012942,24358.74645,21.9841553,24.35874645
2.515599487,31178.06286,30.18719384,31.17806286
1.299988388,17598.9616,15.59986066,17.5989616
2.530197018,30123.78451,30.36236422,30.12378451
2.746767002,17836.19808,32.96120402,17.83619808
2.408092453,27616.21185,28.89710943,27.61621185
3.267046401,37119.8358,39.20455681,37.1198358
2.425057298,27619.55215,29.10068758,27.61955215
2.972289388,32691.00986,35.66747265,32.69100986
2.044551516,28264.23895,24.53461819,28.26423895
3.139438903,34253.33404,37.67326683,34.25333404
1.658558512,13748.84869,19.90270214,13.74884869
2.513345078,40590.767,30.16014094,40.590767
2.647969142,36482.21993,31.7756297,36.48221993
2.236064844,28110.76599,26.83277813,28.11076599
3.00185151,31078.0017,36.02221812,31.0780017
3.318787247,32223.06642,39.82544696,32.22306642
2.460555161,29633.38334,29.52666193,29.63338334
2.201190861,32890.0233,26.41429033,32.8900233
3.401197592,33161.83603,40.8143711,33.16183603
1.51565233,15428.18995,18.18782796,15.42818995
1.806237469,24465.96152,21.67484963,24.46596152
2.151875443,23039.18557,25.82250531,23.03918557
2.578703889,27915.06418,30.94444667,27.91506418
2.337151697,28302.03192,28.04582036,28.30203192
1.526441965,25109.00501,18.31730358,25.10900501
2.210735686,31259.88679,26.52882823,31.25988679
2.066516718,32672.03505,24.79820062,32.67203505
2.013064929,30917.33134,24.15677915,30.91733134
1.673861962,14262.18598,20.08634354,14.26218598
1.600240587,23415.84234,19.20288704,23.41584234
3.232615087,40982.80417,38.79138104,40.98280417
3.243799344,35220.51108,38.92559213,35.22051108
1.02776433,14442.07778,12.33317196,14.44207778
2.712973803,31718.70044,32.55568563,31.71870044
2.884535363,38743.16343,34.61442436,38.74316343
1.804714989,29998.48694,21.65657987,29.99848694
2.272165344,28197.35326,27.26598413,28.19735326
3.105130523,29756.9674,37.26156628,29.7569674
1.055627636,5353.075901,12.66753163,5.353075901
2.004267793,28229.16064,24.05121351,28.22916064
1.564779979,26826.23368,18.77735975,26.82623368
1.922660402,23096.87192,23.07192482,23.09687192
2.178588096,23401.71788,26.14305715,23.40171788
1.910024098,25473.51857,22.92028918,25.47351857
1.238244503,15064.77021,14.85893404,15.06477021
2.090371373,25758.58423,25.08445647,25.75858423
3.199368048,41586.51191,38.39241658,41.58651191
1.862784806,16134.4372,22.35341767,16.1344372
1.609487113,24128.84852,19.31384536,24.12884852
1.592965958,25646.29113,19.11559149,25.64629113
1.832324392,16939.33319,21.9878927,16.93933319
2.230572592,26753.08523,26.7668711,26.75308523
2.139074678,18592.40448,25.66889614,18.59240448
1.325752758,22018.96958,15.90903309,22.01896958
2.111216039,25896.85226,25.33459247,25.89685226
2.922638369,42973.65266,35.07166043,42.97365266
1.839766302,30975.46593,22.07719562,30.97546593
2.85255049,27285.41527,34.23060588,27.28541527
1.526892909,13413.82186,18.32271491,13.41382186
1.37474393,13395.40289,16.49692716,13.39540289
2.579724901,38018.57642,30.95669881,38.01857642
2.535627705,30273.57281,30.42753246,30.27357281
3.462825938,40612.27813,41.55391125,40.61227813
2.850485823,32627.96273,34.20582988,32.62796273
2.476723567,22280.81206,29.7206828,22.28081206
0.77940393,5375.099257,9.352847162,5.375099257
1.686643913,27541.03761,20.23972695,27.54103761
2.615271135,29903.01567,31.38325362,29.90301567
1.657050683,24768.02649,19.8846082,24.76802649
2.200670708,37025.78145,26.40804849,37.02578145
2.800523461,32999.61471,33.60628153,32.99961471
1.374598495,14452.5079,16.49518194,14.4525079
3.478539357,47629.76879,41.74247228,47.62976879
2.406255513,26878.13706,28.87506615,26.87813706
2.457866331,34293.15874,29.49439597,34.29315874
2.462751998,36316.40516,29.55302398,36.31640516
2.333835545,27991.44009,28.00602654,27.99144009
2.322759431,27323.08772,27.87311317,27.32308772
1.707315973,17141.90377,20.48779167,17.14190377
0.800560688,9705.79957,9.60672826,9.70579957
1.718641797,27822.79527,20.62370156,27.82279527
1.411166953,20401.35335,16.93400343,20.40135335
3.502951703,50623.0982,42.03542044,50.6230982
1.870810539,29971.03312,22.44972647,29.97103312
1.242484128,25992.45041,14.90980953,25.99245041
2.076466624,25777.17666,24.91759949,25.77717666
1.821950767,24236.27457,21.8634092,24.23627457
2.761686533,30770.2263,33.1402384,30.7702263
2.615601133,29105.64413,31.3872136,29.10564413
1.604209738,25567.21225,19.25051686,25.56721225
3.371962223,38319.97429,40.46354668,38.31997429
1.859288958,32084.18885,22.3114675,32.08418885
2.418232795,24120.30514,29.01879354,24.12030514
1.31107304,8761.629181,15.73287648,8.761629181
4.121935133,44849.56608,49.4632216,44.84956608
2.843257443,39292.48921,34.11908932,39.29248921
0.775358633,11432.69424,9.304303592,11.43269424
2.259282028,15178.78348,27.11138434,15.17878348
3.194131137,36025.30727,38.32957364,36.02530727
3.263907134,41510.70946,39.16688561,41.51070946
1.675338635,26921.90064,20.10406362,26.92190064
3.235510508,45484.12632,38.82612609,45.48412632
2.553355711,28963.27641,30.64026853,28.96327641
1.445652175,17476.45671,17.3478261,17.47645671
1.904282965,19952.60896,22.85139558,19.95260896
1.607153236,20298.03686,19.28583883,20.29803686
1.561759815,26209.70291,18.74111778,26.20970291
2.166848177,23075.67394,26.00217812,23.07567394
3.136971037,41588.84595,37.64365244,41.58884595
2.210450622,30746.31774,26.52540746,30.74631774
2.279488858,30750.27035,27.35386629,30.75027035
2.400778983,27604.3285,28.80934779,27.6043285
0.266401984,8065.610749,3.196823802,8.065610749
1.42174355,20212.35783,17.0609226,20.21235783
1.579282846,17147.52016,18.95139415,17.14752016
3.147867228,30691.12683,37.77440674,30.69112683
2.615383397,38368.79881,31.38460076,38.36879881
1.095453699,13816.359,13.14544439,13.816359
2.634935781,31904.74442,31.61922937,31.90474442
2.727716428,30207.25063,32.73259714,30.20725063
2.902203373,31110.42405,34.82644048,31.11042405
1.810631993,11283.10754,21.72758391,11.28310754
1.434576743,13207.57941,17.21492092,13.20757941
1.005937901,17553.27932,12.07125481,17.55327932
2.98773551,22512.38002,35.85282612,22.51238002
3.212593398,38559.25566,38.55112078,38.55925566
2.297512178,27127.25802,27.57014614,27.12725802
2.386379289,30001.8779,28.63655147,30.0018779
3.02642991,34945.40904,36.31715892,34.94540904
2.338357983,37612.07217,28.0602958,37.61207217
2.700292502,26015.8106,32.40351002,26.0158106
2.046813299,25703.0518,24.56175959,25.7030518
0.846372697,19059.16558,10.15647236,19.05916558
1.686381662,18420.72462,20.23657994,18.42072462
0.409023134,19931.84772,4.908277612,19.93184772
2.666757631,30348.88281,32.00109157,30.34888281
1.941095851,24339.47629,23.29315021,24.33947629
3.334415508,37964.74236,40.01298609,37.96474236
1.413914197,20981.73978,16.96697036,20.98173978
1.720101683,18448.10565,20.6412202,18.44810565
3.229949753,38058.1843,38.75939704,38.0581843
3.087534127,35910.7278,37.05040952,35.9107278
1.673408815,17517.72114,20.08090578,17.51772114
2.964584079,32969.55128,35.57500895,32.96955128
2.642784344,32266.11842,31.71341213,32.26611842
1.455875518,17043.74984,17.47050622,17.04374984
0.058132794,8677.234194,0.697593522,8.677234194
2.071460903,26832.04067,24.85753083,26.83204067
1.981742251,23953.28181,23.78090701,23.95328181
1.476797062,25288.1303,17.72156474,25.2881303
2.955511991,32655.652,35.46614389,32.655652
0.821456362,18292.49261,9.85747634,18.29249261
3.306103923,44580.98748,39.67324708,44.58098748
2.447960289,26154.38996,29.37552347,26.15438996
2.074967747,26949.73641,24.89961296,26.94973641
2.003040092,27071.87885,24.0364811,27.07187885
2.783221095,23700.41035,33.39865314,23.70041035
2.388017354,37385.70395,28.65620825,37.38570395
2.597565227,21742.82829,31.17078272,21.74282829
2.960640907,37233.10735,35.52769088,37.23310735
2.898540322,37655.17655,34.78248386,37.65517655
0.766849896,14828.47617,9.202198747,14.82847617
2.001284801,37137.57278,24.01541761,37.13757278
3.07319206,25323.18858,36.87830472,25.32318858
2.355881549,31580.18224,28.27057859,31.58018224
1.789287671,20544.38432,21.47145205,20.54438432
2.191673269,29658.18657,26.30007923,29.65818657
1.661518727,21766.63627,19.93822472,21.76663627
3.383065102,39263.72574,40.59678122,39.26372574
1.991160271,24963.20273,23.89392325,24.96320273
2.093191225,24934.25873,25.1182947,24.93425873
2.882002303,37718.40772,34.58402763,37.71840772
3.210880451,39913.10789,38.53056541,39.91310789
1.152523743,24063.41742,13.83028492,24.06341742
2.137091332,36216.99821,25.64509598,36.21699821
0.762433251,12898.193,9.149199012,12.898193
1.074785534,9143.705114,12.89742641,9.143705114
2.295596218,39250.92951,27.54715462,39.25092951
3.641991418,40015.15859,43.70389702,40.01515859
2.982894714,15999.82833,35.79473657,15.99982833
2.319958353,28445.37671,27.83950024,28.44537671
2.222268319,26609.99946,26.66721983,26.60999946
2.309864246,34426.90133,27.71837095,34.42690133
1.482459218,18005.89596,17.78951062,18.00589596
2.954375659,40833.75976,35.45250791,40.83375976
3.062839901,33290.30102,36.75407881,33.29030102
1.731178468,26858.66062,20.77414162,26.85866062
2.333724769,37302.38922,28.00469723,37.30238922
1.133414626,13056.86854,13.60097551,13.05686854
2.97911467,32397.49761,35.74937604,32.39749761
2.851369863,31786.24641,34.21643835,31.78624641
1.40821837,24506.82954,16.89862044,24.50682954
1.429853864,10048.486,17.15824637,10.048486
2.497658978,27087.12892,29.97190774,27.08712892
1.341967524,6130.256874,16.10361029,6.130256874
3.697769452,42598.53103,44.37323342,42.59853103
2.746112488,36535.66786,32.95334985,36.53566786
1.38225537,26993.06272,16.58706444,26.99306272
3.002818087,36553.78477,36.03381704,36.55378477
2.956950563,33759.12589,35.48340675,33.75912589
2.114752191,31434.18335,25.37702629,31.43418335
1.966618784,32621.05959,23.59942541,32.62105959
2.531554508,37220.74232,30.37865409,37.22074232
1.926053202,19166.83951,23.11263842,19.16683951
1.364460066,22787.20355,16.37352079,22.78720355
2.607963352,34817.94449,31.29556022,34.81794449
2.506914468,32527.0609,30.08297362,32.5270609
2.339528503,27385.41936,28.07434204,27.38541936
2.952676128,34540.89473,35.43211353,34.54089473
2.467283208,36451.48906,29.6073985,36.45148906
1.661200596,26443.47021,19.93440715,26.44347021
1.389261796,14906.56178,16.67114155,14.90656178
1.562769096,10705.52222,18.75322915,10.70552222
2.254386478,19120.9477,27.05263774,19.1209477
2.198320754,28325.71614,26.37984905,28.32571614
1.897426915,28530.78111,22.76912298,28.53078111
1.431501738,19283.84574,17.17802086,19.28384574
1.966994943,32976.82987,23.60393932,32.97682987
1.314110596,21295.66058,15.76932715,21.29566058
1.76738908,19961.62659,21.20866896,19.96162659
1.660700818,18643.92856,19.92840981,18.64392856
2.814880173,30616.59628,33.77856208,30.61659628
2.121802558,23834.93708,25.4616307,23.83493708
1.844512545,30702.1633,22.13415054,30.7021633
1.243154986,15829.78428,14.91785983,15.82978428
2.652246562,21614.44841,31.82695874,21.61444841
2.949371371,31709.55434,35.39245645,31.70955434
2.504833384,23442.14588,30.05800061,23.44214588
2.020440988,28478.02311,24.24529185,28.47802311
2.132727053,28217.01529,25.59272463,28.21701529
2.709866218,31279.70614,32.51839461,31.27970614
1.425874093,28864.0701,17.11048912,28.8640701
1.290638163,17174.6025,15.48765795,17.1746025
2.672230193,33151.52324,32.06676232,33.15152324
0.762886119,7863.027861,9.154633426,7.863027861
2.235982834,32954.65449,26.83179401,32.95465449
1.536218873,18900.48361,18.43462647,18.90048361
1.266248657,26249.73464,15.19498388,26.24973464
3.381861502,37033.18253,40.58233802,37.03318253
0.643334399,13446.69288,7.720012787,13.44669288
1.958228366,25346.14365,23.49874039,25.34614365
3.172798768,22676.00947,38.07358521,22.67600947
2.044208646,17464.8714,24.53050375,17.4648714
2.136195193,15136.79828,25.63434232,15.13679828
2.998885764,27498.8127,35.98662917,27.4988127
1.217014049,21188.10659,14.60416859,21.18810659
1.63326517,17594.25211,19.59918204,17.59425211
1.320291154,18589.84428,15.84349385,18.58984428
2.860078496,29949.35169,34.32094195,29.94935169
2.305732316,29596.77704,27.66878779,29.59677704
3.538174918,33702.42688,42.45809901,33.70242688
3.093147268,24577.25535,37.11776722,24.57725535
1.742522062,19433.93546,20.91026474,19.43393546
2.040125543,24322.27626,24.48150652,24.32227626
2.00585981,25253.22513,24.07031772,25.25322513
2.021053801,21765.86811,24.25264561,21.76586811
2.606250514,27858.73513,31.27500617,27.85873513
1.283400406,17425.15289,15.40080487,17.42515289
3.322574879,41300.36578,39.87089855,41.30036578
1.462949761,22739.02495,17.55539713,22.73902495
1.820404029,17718.4986,21.84484835,17.7184986
0.675420491,13399.35518,8.105045895,13.39935518
2.585159967,27589.52335,31.0219196,27.58952335
2.642432818,31372.35672,31.70919381,31.37235672
3.12820497,38286.35276,37.53845964,38.28635276
2.598414703,27126.06915,31.18097643,27.12606915
1.874312429,32049.48062,22.49174915,32.04948062
3.006435606,35009.36883,36.07722727,35.00936883
2.116093253,24227.32532,25.39311903,24.22732532
2.540565028,23015.22033,30.48678033,23.01522033
2.99114606,39160.07998,35.89375272,39.16007998
3.03611762,40311.94694,36.43341144,40.31194694
1.919491188,16936.69481,23.03389426,16.93669481
1.728025577,16375.6494,20.73630692,16.3756494
3.278627138,22418.9201,39.34352565,22.4189201
1.107936388,16507.13246,13.29523666,16.50713246
2.42390463,29088.23413,29.08685556,29.08823413
2.421751048,27568.72491,29.06101257,27.56872491
2.415446571,31437.00317,28.98535885,31.43700317
1.24690586,20985.30411,14.96287032,20.98530411
2.702140494,28243.47836,32.42568593,28.24347836
0.722823296,15412.9897,8.673879548,15.4129897
1.733177338,26700.15375,20.79812805,26.70015375
1.462576436,19952.84104,17.55091723,19.95284104
1.007768391,12622.152,12.09322069,12.622152
2.492458938,33506.13023,29.90950726,33.50613023
1.525699398,18170.32186,18.30839277,18.17032186
2.816202665,35386.4529,33.79443198,35.3864529
2.313951351,32930.48843,27.76741621,32.93048843
2.113445398,25930.47288,25.36134477,25.93047288
1.579860473,21358.57614,18.95832568,21.35857614
2.489713932,33774.65379,29.87656718,33.77465379
2.84830465,21724.6048,34.1796558,21.7246048
2.437412987,33979.33098,29.24895584,33.97933098
2.723498675,27893.52703,32.6819841,27.89352703
2.709082863,37678.01649,32.50899436,37.67801649
2.781562473,27256.47635,33.37874968,27.25647635
2.266576322,24107.17494,27.19891586,24.10717494
2.373391204,31063.74187,28.48069445,31.06374187
3.738199438,46477.26004,44.85839325,46.47726004
2.329706481,28222.29567,27.95647777,28.22229567
1.942842923,24695.3096,23.31411507,24.6953096
2.815181125,30249.27319,33.7821735,30.24927319
2.481959767,35296.48247,29.7835172,35.29648247
3.859149718,35993.72147,46.30979661,35.99372147
2.883214665,23978.83117,34.59857598,23.97883117
2.185298665,27381.19428,26.22358398,27.38119428
1.101450129,15836.76437,13.21740155,15.83676437
3.118064836,39209.67656,37.41677803,39.20967656
1.958677793,32030.72337,23.50413352,32.03072337
2.306618117,25680.85924,27.6794174,25.68085924
2.329968973,29031.50672,27.95962768,29.03150672
1.802922847,26289.15849,21.63507416,26.28915849
1.422262463,19154.88778,17.06714955,19.15488778
2.847663153,34519.67013,34.17195784,34.51967013
2.013206872,16536.38075,24.15848246,16.53638075
2.147055108,27320.75225,25.7646613,27.32075225
2.337774154,28151.63978,28.05328985,28.15163978
2.366862796,20144.82309,28.40235355,20.14482309
2.654753872,33269.3046,31.85704646,33.2693046
1.965244568,17981.30674,23.58293481,17.98130674
3.036499724,31147.86614,36.43799669,31.14786614
3.375956417,32401.62479,40.511477,32.40162479
2.37275753,31949.84379,28.47309036,31.94984379
2.945416778,34694.3837,35.34500133,34.6943837
1.382017915,22064.2988,16.58421498,22.0642988
3.504637432,34362.59659,42.05564918,34.36259659
3.040416895,38222.25987,36.48500274,38.22225987
2.533495816,29559.5405,30.40194979,29.5595405
1.595644493,27669.61275,19.14773392,27.66961275
2.587614675,26989.13803,31.0513761,26.98913803
2.279584496,31721.84963,27.35501395,31.72184963
1.390549879,23800.30169,16.68659855,23.80030169
2.191646253,23181.59267,26.29975503,23.18159267
3.039733412,31322.34133,36.47680094,31.32234133
2.7415194,32466.71287,32.8982328,32.46671287
0.82876214,9152.448732,9.945145679,9.152448732
0.462918473,20470.40119,5.555021673,20.47040119
3.007166354,35458.06395,36.08599625,35.45806395
1.805443161,23899.66446,21.66531793,23.89966446
0.52608942,10836.20617,6.313073038,10.83620617
2.305954927,29775.22724,27.67145912,29.77522724
2.917469588,39700.11512,35.00963505,39.70011512
3.162309109,27959.76035,37.94770931,27.95976035
2.563329654,35409.98594,30.75995585,35.40998594
2.434118634,37501.0765,29.20942361,37.5010765
1.742728732,19062.87338,20.91274478,19.06287338
2.967442786,43835.42767,35.60931343,43.83542767
3.791313179,45430.34605,45.49575815,45.43034605
2.447769954,23944.41169,29.37323945,23.94441169
1.293361794,17319.09315,15.52034153,17.31909315
1.202789648,10566.92449,14.43347577,10.56692449
1.420590414,22840.36157,17.04708497,22.84036157
1.920364585,33768.5758,23.04437502,33.7685758
2.323642549,25403.30937,27.88371059,25.40330937
1.04405759,11843.4969,12.52869108,11.8434969
3.254512736,45393.56854,39.05415283,45.39356854
2.70468973,25687.63876,32.45627676,25.68763876
1.723177691,16999.35396,20.67813229,16.99935396
1.217847296,15764.97148,14.61416755,15.76497148
2.076497554,13166.95593,24.91797065,13.16695593
2.013349857,29650.0095,24.16019828,29.6500095
1.67083527,25547.89473,20.05002324,25.54789473
1.105994234,6599.398529,13.27193081,6.599398529
2.947822758,35924.5248,35.3738731,35.9245248
2.132279697,21018.15876,25.58735636,21.01815876
2.814837969,30407.94103,33.77805563,30.40794103
2.238985154,14951.0642,26.86782185,14.9510642
1.702705783,20119.18043,20.4324694,20.11918043
2.275001931,19075.78433,27.30002317,19.07578433
1.624177129,21976.94313,19.49012555,21.97694313
1.325312516,22962.86082,15.90375019,22.96286082
2.910756836,31855.96389,34.92908203,31.85596389
2.032619541,18564.00377,24.39143449,18.56400377
1.619788127,13468.69947,19.43745752,13.46869947
0.601942851,18615.39857,7.223314209,18.61539857
2.657773901,32805.84987,31.89328681,32.80584987
2.53026977,38422.77326,30.36323724,38.42277326
1.361712023,19375.07009,16.34054427,19.37507009
1.535174431,22371.46557,18.42209317,22.37146557
1.661860208,24947.79162,19.9423225,24.94779162
2.405514534,33098.37624,28.86617441,33.09837624
3.750995081,43355.87823,45.01194097,43.35587823
1.37242587,24963.44984,16.46911044,24.96344984
1.635275407,21052.46555,19.62330488,21.05246555
1.960427278,22322.03285,23.52512734,22.32203285
3.394904891,41441.18585,40.73885869,41.44118585
2.076621022,24705.00572,24.91945226,24.70500572
1.926245572,20984.88795,23.11494686,20.98488795
0.900927788,15933.99098,10.81113346,15.93399098
2.760621034,30748.0055,33.12745241,30.7480055
2.408572603,34973.24556,28.90287124,34.97324556
1.704135523,17914.4641,20.44962628,17.9144641
2.659782799,27639.4564,31.91739359,27.6394564
1.976691018,22991.95367,23.72029221,22.99195367
1.825434128,25814.51787,21.90520953,25.81451787
1.637774883,19997.95483,19.65329859,19.99795483
1.890988546,18384.34858,22.69186255,18.38434858
3.265224677,45577.47253,39.18269612,45.57747253
1.54102067,20848.21056,18.49224804,20.84821056
2.318974979,30047.47115,27.82769975,30.04747115
2.932507603,36203.14925,35.19009124,36.20314925
1.344839468,23321.13865,16.13807361,23.32113865
2.498742899,31873.34725,29.98491479,31.87334725
3.382799371,25812.86123,40.59359245,25.81286123
1.768761559,19618.3236,21.22513871,19.6183236
0.742006677,6542.819263,8.904080118,6.542819263
1.818507829,19321.55024,21.82209395,19.32155024
2.002935115,32410.39493,24.03522138,32.41039493
2.01933017,29176.04446,24.23196204,29.17604446
2.044106295,26680.4785,24.52927554,26.6804785
1.784627367,19415.45757,21.4155284,19.41545757
3.041535695,33142.33086,36.49842834,33.14233086
1.921980938,24906.10154,23.06377125,24.90610154
0.240168515,-74.56294824,2.882022178,-0.074562948
0.47701271,9812.225978,5.724152518,9.812225978
1.738908889,16446.95318,20.86690667,16.44695318
2.828855089,33270.87622,33.94626107,33.27087622
2.927165273,27357.45736,35.12598327,27.35745736
1.890237053,30146.43834,22.68284463,30.14643834
2.040112918,20983.28531,24.48135501,20.98328531
2.363252828,28372.48993,28.35903393,28.37248993
2.810781441,41826.06463,33.72937729,41.82606463
1.361700304,14353.95404,16.34040365,14.35395404
2.535446317,34198.57523,30.4253558,34.19857523
1.876734561,14713.49698,22.52081473,14.71349698
1.763959983,21044.80318,21.1675198,21.04480318
1.948081241,30753.13217,23.37697489,30.75313217
1.085149384,20734.62108,13.02179261,20.73462108
1.54326615,18076.15621,18.5191938,18.07615621
1.865739881,20483.15261,22.38887857,20.48315261
2.699068013,28069.98871,32.38881615,28.06998871
1.029066542,14018.61564,12.3487985,14.01861564
2.981880841,40801.13245,35.78257009,40.80113245
2.092472026,23674.13089,25.10966431,23.67413089
2.797045879,31922.80785,33.56455055,31.92280785
1.383598487,17274.35348,16.60318184,17.27435348
1.98612628,25524.43215,23.83351536,25.52443215
2.289007828,30771.12985,27.46809393,30.77112985
2.016916782,26664.00309,24.20300138,26.66400309
2.412572141,28320.0683,28.95086569,28.3200683
2.850001773,32627.1748,34.20002127,32.6271748
3.196041512,34657.15,38.35249814,34.65715
1.3598682,24619.66064,16.3184184,24.61966064
1.330351258,22901.86181,15.96421509,22.90186181
2.344464586,27646.9355,28.13357503,27.6469355
2.172283764,36417.06991,26.06740517,36.41706991
1.900532205,25723.517,22.80638646,25.723517
2.784496216,39658.79307,33.41395459,39.65879307
2.808706349,34587.40264,33.70447619,34.58740264
2.012351273,25267.73775,24.14821528,25.26773775
3.593562327,40146.65392,43.12274792,40.14665392
2.273846395,31539.58922,27.28615674,31.53958922
0.842756598,29907.18684,10.11307918,29.90718684
1.733372582,28241.01059,20.80047098,28.24101059
1.848187153,25020.42268,22.17824584,25.02042268
2.93001341,41290.4444,35.16016092,41.2904444
1.68465116,20006.48813,20.21581392,20.00648813
2.209403998,24131.01222,26.51284797,24.13101222
2.607885354,29797.24098,31.29462425,29.79724098
3.746126491,38877.47799,44.95351789,38.87747799
1.70723971,22953.91772,20.48687652,22.95391772
1.287965186,15057.72095,15.45558223,15.05772095
3.049530276,41609.17286,36.59436331,41.60917286
2.705910043,32509.45676,32.47092052,32.50945676
1.959716858,31160.82851,23.5166023,31.16082851
2.496791635,23726.89367,29.96149962,23.72689367
1.680252671,23737.6003,20.16303205,23.7376003
2.17399551,24590.88063,26.08794612,24.59088063
2.326169143,27972.29845,27.91402971,27.97229845
1.515323825,21674.83648,18.1838859,21.67483648
1.665021935,24256.67222,19.98026322,24.25667222
2.386200332,23508.55023,28.63440398,23.50855023
1.749178649,18822.50213,20.99014379,18.82250213
4.037247981,43578.27715,48.44697577,43.57827715
1.723301283,29221.33504,20.67961539,29.22133504
1.278378006,15261.51594,15.34053607,15.26151594
1.372418048,13209.59107,16.46901658,13.20959107
3.544310863,49494.72976,42.53173035,49.49472976
3.106751258,30114.01489,37.28101509,30.11401489
3.250074486,49530.16503,39.00089383,49.53016503
2.519276863,38629.58781,30.23132235,38.62958781
2.303321445,20600.60869,27.63985734,20.60060869
1.886185561,21082.27548,22.63422673,21.08227548
0.682656831,8855.850199,8.191881971,8.855850199
1.857273138,25743.25575,22.28727765,25.74325575
2.986064872,40669.69269,35.83277846,40.66969269
2.359934848,30928.11766,28.31921817,30.92811766
3.486661723,34550.0795,41.83994068,34.5500795
2.067798949,28929.1053,24.81358739,28.9291053
0.841613741,2832.975746,10.09936489,2.832975746
1.686906142,25447.46797,20.2428737,25.44746797
3.456682954,33684.05978,41.48019545,33.68405978
2.526538959,28028.44593,30.31846751,28.02844593
1.931483311,31392.28586,23.17779973,31.39228586
2.11408686,34607.15058,25.36904232,34.60715058
2.069419855,32384.40483,24.83303826,32.38440483
1.728204327,22635.96693,20.73845192,22.63596693
2.166810253,21783.63259,26.00172303,21.78363259
3.33411771,31797.83126,40.00941252,31.79783126
2.82237565,19872.40378,33.8685078,19.87240378
4.071016143,42641.92391,48.85219371,42.64192391
3.508633866,42170.61508,42.10360639,42.17061508
2.790487525,21152.29887,33.4858503,21.15229887
2.741518241,27724.23242,32.89821889,27.72423242
2.083988527,30884.14976,25.00786232,30.88414976
1.427716636,12842.58482,17.13259963,12.84258482
1.379662844,27767.04404,16.55595413,27.76704404
3.246590691,43790.00412,38.95908829,43.79000412
2.695539992,32242.90902,32.3464799,32.24290902
1.455693433,17261.57903,17.4683212,17.26157903
2.50283426,38645.76918,30.03401112,38.64576918
3.178957191,34240.90098,38.14748629,34.24090098
2.464282138,23431.33519,29.57138566,23.43133519
1.506799761,21247.31107,18.08159713,21.24731107
2.272307052,29039.67765,27.26768462,29.03967765
3.750688662,49163.34006,45.00826394,49.16334006
1.373121968,18301.85105,16.47746361,18.30185105
2.366076997,15182.6183,28.39292396,15.1826183
2.022987452,24785.90461,24.27584942,24.78590461
1.45266626,13840.3513,17.43199512,13.8403513
2.381451202,24273.76886,28.57741442,24.27376886
2.226807815,28751.16411,26.72169378,28.75116411
2.105535384,26873.7344,25.26642461,26.8737344
2.036864323,29093.41431,24.44237187,29.09341431
1.382179188,25682.08498,16.58615025,25.68208498
3.387320432,41789.17997,40.64784518,41.78917997
2.600937782,33066.39334,31.21125338,33.06639334
2.083835032,21708.8948,25.00602038,21.7088948
2.003609633,23878.86592,24.0433156,23.87886592
2.252110073,20434.14437,27.02532088,20.43414437
2.361589183,33263.21434,28.33907019,33.26321434
3.492269183,40992.6471,41.90723019,40.9926471
1.656644735,29858.92176,19.87973682,29.85892176
2.035001155,27195.52587,24.42001386,27.19552587
2.136814728,24343.83441,25.64177673,24.34383441
1.904533541,25299.93274,22.85440249,25.29993274
2.435582543,32547.03299,29.22699052,32.54703299
1.74313174,30223.5818,20.91758088,30.2235818
3.438131354,39407.50427,41.25757625,39.40750427
1.729236262,29132.94546,20.75083514,29.13294546
2.693793271,25830.91133,32.32551925,25.83091133
2.652451349,27942.26372,31.82941619,27.94226372
2.165026413,29568.85417,25.98031696,29.56885417
2.292545868,29923.2022,27.51055041,29.9232022
3.168753279,33900.83972,38.02503935,33.90083972
1.143474833,11902.38054,13.72169799,11.90238054
3.335698197,40245.63612,40.02837836,40.24563612
1.199491729,6443.033148,14.39390075,6.443033148
2.10300339,27888.7003,25.23604068,27.8887003
1.368538074,19174.6863,16.42245689,19.1746863
2.020860455,25739.58722,24.25032546,25.73958722
2.530500223,25820.17973,30.36600268,25.82017973
2.286739022,27846.03206,27.44086826,27.84603206
3.117050322,36778.52051,37.40460386,36.77852051
2.61028734,30700.97946,31.32344808,30.70097946
2.963448283,36578.72,35.56137939,36.57872
2.882009115,33838.18,34.58410938,33.83818
1.59602117,20573.59251,19.15225404,20.57359251
2.825386823,28052.73789,33.90464188,28.05273789
1.975061,24266.14903,23.700732,24.26614903
1.695469333,21579.4361,20.34563199,21.5794361
1.353125263,27105.92964,16.23750316,27.10592964
1.27465816,25809.05193,15.29589792,25.80905193
1.456343135,11189.35438,17.47611762,11.18935438
2.1758204,25491.07781,26.1098448,25.49107781
1.937886973,19776.21386,23.25464367,19.77621386
1.408336197,31663.52784,16.90003436,31.66352784
3.647187959,48954.11437,43.76625551,48.95411437
1.699192865,22215.50276,20.39031438,22.21550276
2.228368453,30139.99521,26.74042143,30.13999521
3.024635519,40384.89563,36.29562623,40.38489563
1.304389463,26183.00131,15.65267356,26.18300131
3.132229788,42686.48209,37.58675746,42.68648209
1.422080366,24990.50373,17.06496439,24.99050373
1.806539429,23788.15824,21.67847315,23.78815824
1.072785616,16695.23939,12.87342739,16.69523939
1.789292765,19891.41826,21.47151318,19.89141826
2.760414223,35892.36301,33.12497067,35.89236301
1.770607928,18937.79372,21.24729513,18.93779372
2.525547478,27793.65507,30.30656974,27.79365507
3.418348468,49346.24402,41.02018162,49.34624402
2.780199223,34449.99028,33.36239067,34.44999028
1.813031532,24141.82264,21.75637838,24.14182264
1.830749518,23599.78069,21.96899421,23.59978069
2.034406051,23713.94682,24.41287261,23.71394682
2.866961381,34100.04677,34.40353657,34.10004677
2.722148746,40969.05743,32.66578495,40.96905743
1.698532032,15736.96895,20.38238438,15.73696895
3.504529114,42935.60499,42.05434937,42.93560499
1.642658937,28262.67678,19.71190724,28.26267678
3.039961915,35533.39558,36.47954298,35.53339558
2.793251043,25210.26485,33.51901251,25.21026485
2.157552459,23698.16005,25.89062951,23.69816005
2.577759159,33990.44625,30.93310991,33.99044625
3.307522573,37398.09736,39.69027087,37.39809736
2.350434319,26268.95927,28.20521183,26.26895927
0.278151402,8356.293486,3.337816827,8.356293486
2.201018055,19331.91188,26.41221666,19.33191188
1.326256766,16592.08775,15.91508119,16.59208775
1.198303218,21615.87364,14.37963861,21.61587364
2.592072884,37853.64184,31.10487461,37.85364184
1.940124528,25855.54087,23.28149434,25.85554087
1.964669699,27062.54209,23.57603639,27.06254209
1.569161738,20805.5367,18.82994086,20.8055367
1.746898787,18855.85963,20.96278544,18.85585963
2.260331063,28994.38453,27.12397276,28.99438453
2.040009149,20124.21619,24.48010979,20.12421619
2.832297838,37491.79722,33.98757406,37.49179722
2.701451148,36537.11419,32.41741378,36.53711419
2.376650658,30612.36086,28.5198079,30.61236086
2.597697728,30821.16622,31.17237273,30.82116622
2.876384737,33856.00819,34.51661684,33.85600819
1.921841686,20071.00557,23.06210023,20.07100557
2.148456156,22878.75139,25.78147387,22.87875139
2.056497279,23906.17929,24.67796735,23.90617929
2.607884314,29872.75547,31.29461177,29.87275547
1.005113428,16438.70653,12.06136113,16.43870653
2.02701674,23776.28038,24.32420088,23.77628038
1.64985443,12889.20143,19.79825316,12.88920143
1.543990919,19282.28219,18.52789103,19.28228219
2.268109781,31747.72271,27.21731737,31.74772271
1.973277998,19440.75618,23.67933597,19.44075618
2.097522738,26073.93869,25.17027286,26.07393869
3.193366973,35240.23173,38.32040367,35.24023173
1.961204999,22302.27382,23.53445999,22.30227382
3.648386997,40351.15665,43.78064396,40.35115665
2.37674933,38138.38961,28.52099196,38.13838961
2.079428188,33568.9438,24.95313825,33.5689438
2.073045251,24974.93226,24.87654301,24.97493226
2.4038373,21655.53971,28.8460476,21.65553971
3.810382947,46605.93754,45.72459536,46.60593754
1.722874629,27889.74275,20.67449555,27.88974275
2.200924896,27551.95523,26.41109875,27.55195523
3.070282941,28476.80044,36.84339529,28.47680044
1.465380517,12404.92474,17.5845662,12.40492474
1.824516578,17584.26055,21.89419893,17.58426055
1.846811728,24666.50151,22.16174073,24.66650151
2.688874768,24160.27022,32.26649722,24.16027022
1.419919157,19903.79664,17.03902988,19.90379664
2.101843682,21974.41306,25.22212418,21.97441306
1.368168969,19634.78749,16.41802763,19.63478749
